页码,评论者昵称,评论星级,评论时间,评论者IP属地,有用数,评论内容
1,朝暮雪,4星,2023/5/5 4:19,四川,14762,《银护1》22：04出现过水獭的名字莱拉。至高进化给她装了机械臂，《复联3》火箭浣熊想要得到巴基的机械臂，因为机械臂让他想起了莱拉。《银护1》火箭浣熊想要狱友的假肢，因为假肢让他想起了兔子板板。他还想要勇度手下的假眼，因为大牙的眼睛被至高进化改造过，它无法自发地眨眼，眨眼是由机器控制的。《银护2》25：13墙上出现了大牙的画像，可能是大牙被抓起来之前别人给它画的。《银护2》1：27：25左上角伊戈的其中一个妻子和螳螂女是相同的种族，《银护：圣诞特别篇》证实了螳螂女是星爵的妹妹。《银护2》毁灭者说“全宇宙有两种人，跳舞的和不跳舞的”，《银护3》他再次说“只有傻子才跳舞”，然而结局他却跳起了舞。格鲁特并没有说新的台词，他说的还是“我是格鲁特”，只不过这一次我们能听懂他说的话了，因为我们已经是银护的一员了。
1,黑特-007,4星,2023/5/3 17:57,北京,5179,银护系列将因为发挥稳定而被踢出漫威宇宙，虽然我觉得为了讲火箭身世完全可以走迷你剧没必要又水一部电影出来==结尾说明大家都知道漫威现在就这个系列还算拿得出手必须一直拍下去了
1,R人民艺术家,4星,2023/5/6 6:26,美国,4077,动森岛建不理想只能炸岛害
1,Agent阿神,5星,2023/4/30 0:16,山东,12554,很庆幸星爵没有和卡魔拉在一起，如果在一起，那就证明星爵从未爱过卡魔拉。几乎完美的结局，导演尊重了每一位银河护卫队成员，主创把这些角色当作了独立的人看待，而不是服务剧情的工具人。
1,睦谊日东,5星,2023/5/3 10:07,韩国,6827,我就说最后一部高低得把第一部里面最经典的那首歌再放一次，果然给了，赞！
1,Aslp_,5星,2023/5/3 10:04,北京,5609,众所周知，滚导宇宙和MCU毫不相干，早已是nextlevel。
1,理易封,4星,2023/5/3 18:10,辽宁,4198,第四+第五阶段目前最佳，感觉像一只摇滚乐队的解散演唱会，每个人物都照顾到了，真的family，而非虚假的口号。火箭浣熊是主角，算比较完整的成长吧，剧情方面还是偏弱，靠暴力大尺度镜头和音乐拉回了很多分，还有那段精彩的长镜头，太牛了
1,我是猪Pigangel,4星,2023/5/3 18:24,广东,2881,【银河护卫队3（8.0/10）】吊打《复联4》的完结篇。冈导是漫威影业唯一一位完整执导三部曲的导演，也许真的应该感谢他把对角色最后的理解最好的结局都放在这部片里。这种对角色情感和坚持如一的人设，最终完成了几近完美的三部曲，肯定如果你爱过这群loser，一定会被感动。也许这是最后一部“有笑有泪，漫威最佳”，因为他们可能再也塑造不出讨人喜欢的角色了。
1,穿越歧路花园,3星,2023/5/3 18:18,广东,1915,除了火箭的多个身世闪回穿插得很好以外，主线剧情完全不如前两部。还是乱。
1,琦殿,未知,2023/5/5 16:11,山东,1799,“他是我们中唯一一个不讨厌自己的人。”
1,连城易脆,3星,2023/5/4 9:45,上海,715,很遗憾，我的观影体验并不好。自诩漫威粉的我过去十多年也是一部不落，能0点场就0点场，能特效厅就特效厅，但是如今的我似乎某种程度丧失了看漫威电影的乐趣，最多的感受是【混乱】和【疲惫】。以至于我昨天看到有人评价胜过复联4的时候一方面感到匪夷所思，一方面又非常羡慕别人可以拥有这么愉快的观影体验。不过好在看到一些友邻评价后，中和了我内心的困惑和失落。【混乱】感主要在于出场人物太多，要么只有一些基础印象，要么对其前史一无所知，当你试图搞清楚人物关系和对白逻辑时，发现完全是徒劳。而且绝大多数角色都会沦为工具人，只是符号性的存在。包括反派在内，普遍缺乏人格魅力。【疲惫】感则体现在超长的时长和五彩斑斓的视觉带来不再是一种享受，反而是一种负担和消耗。本片唯一让我称道的可能就是走廊一气呵成的长镜头战斗吧。
1,不留痕迹,4星,2023/5/3 17:44,湖南,2455,又一次情感过山车般的体验，不断在笑点和泪点间自如的切换。第一次感到每个角色都如此重要，即便一代银河护卫队不复存在了，大家散落在宇宙各处，但WeareGroot！最后的彩蛋是银护全家福，让它没有变成MCU第五阶段的又一轮铺垫，而是独属于系列的最终章，滚导有心了。
1,就想睡觉,4星,2023/5/7 1:09,重庆,2265,幸好没有卡魔拉恢复记忆相亲相爱一家人的俗套戏码，这就是最好的结局
1,烧饼夹儿,4星,2023/5/7 14:01,北京,1035,最好的在一起就是活着各奔东西
1,女神的秋裤,5星,2023/5/3 18:41,山东,4778,这才是漫威！《复联4》后最佳！笑着笑着就流泪…银护浓味相当冲，沙雕逗比浓度相当高，笑料足，动作场面够大也精彩，但最让人动容的不是这些，而是让人泪目的细节：一个小蓝人出现，许多人鼓掌，那是粉丝最喜欢和怀恋的角色之一；一声奇怪的猴叫，是一位硬汉父亲的柔软，和我们从未见过的父女美好时光；一句“嗯”，是跨越多元宇宙的姐妹情；一个纳米科技手臂，是钢铁侠的遗产；一个尴尬的拥抱，是没有血缘关系的家人；一只被捡起的小浣熊，是曾经几条怪胎生命的抱团取暖，和现在的一个都不能少；一句“我爱你们”，是别人都听不懂的IamGroot，如今你却能听懂他每句的含义。他们来自宇宙中各个角落的三流角色，是怪胎，但聚在一起，他们是会为了对方牺牲一切的一家人。这样的系列结局，作为粉丝我很满意。感谢这帮逗比，IamGroot！
1,BachFuga,5星,2023/5/5 23:56,北京,3138,2023年了还是会因为勇度而哭泣
1,leslie1991,4星,2023/5/5 18:49,上海,1095,滚导最后一部了，满满的情怀，也不蹭复联热度，单纯就是银河护卫队的电影。某个角色死了，观众：嗯……。小动物死了，观众：T_T
1,影志,2星,2023/5/3 18:12,北京,1126,别把自己当复联，动辄2个半小时，除了小机灵和劲歌金曲外，一片混乱，甚至一些金曲都变得聒噪震耳。太多强行和刻意，让三部曲成为狗尾续貂烂尾之作。火箭浣熊的童年线强行插入和煽情，莱拉、大牙、板板、火箭朋友们在一起真开心又莫名其妙让三个朋友致死，强行制造同情…暴躁刻薄的卡魔拉烦死人，由此强行给星爵打造的痴情人设也于事无补。反派脸上依旧写着“我是反派”的刻板印象，即便不是想统治宇宙，想让这个社会变美好也一样烂俗…“I’mgroot”的格鲁特改口“Iloveyou，guys”都没那么可爱了…所有角色和设定让人不适，不管是谁都无限暴躁，为插科打诨而硬来乱来。或许只有片头的“Creep”和片尾的“DogDaysAreOver”在激麦厅听听歌聊以慰藉了…
1,tangerine,5星,2023/5/5 12:52,江苏,2952,三部看下来，银护真是处处处心积虑，因为没有漫画人气支撑，电影里也给复联跑龙套，他们的一切都是自己打拼来的，所以古恩真的珍惜这些角色，想给他们一个美好的结局，也给观众一部优秀的电影。它依旧有缺陷，但它已经是一部完美的银河护卫队3了，任何人包括古恩都已经做到一切，没办法让它变得更好，如果你曾经爱过这些角色，陪他们走过全程，没有什么理由不再次走进电影院，回忆一下那个曾经多么marvelous的marvel吧。
1,谢谢你们的鱼,5星,2023/5/3 18:03,北京,1927,爆炸了，《美国队长3》之后的复联最佳，比《复仇者联盟》3、4加在一起还要好看。简直就是系列里面的《西斯的复仇》。两个半小时极其疯狂的观影体验，滚导最后一部漫威非常火力全开，视觉、配乐、情绪、爽感都是顶到不行，甚至融入了一些约翰·卡彭特、库布里克以及柯南伯格的元素。而火箭的故事线和结尾真的哭惨了，滚导真的爱他的每一个角色，爱每一个孤独的灵魂，三刷预定！
2,mee,5星,2023/5/3 22:18,北京,1874,每一秒都值得。我永远爱火箭浣熊。
2,鸣蜩凌午,5星,2023/5/6 21:45,贵州,1288,虚假的家庭:速度与激情真正的family:银河护卫队
2,baobaodu,4星,2023/5/6 6:50,北京,848,火箭浣熊成长史，养宠物的看了估计都会泪目
2,北辰,4星,2023/9/4 0:14,广东,1,看了复联3过来的，表示人都全凉了，怎么拍？
2,qiuchen028,3星,2023/5/5 21:07,四川,551,很中规中矩啊……为啥评价这么高感觉还没有银1和2好
2,根,3星,2023/5/5 18:57,北京,251,比之前被痛骂难看的几部强得很有限，也就火箭前史还行，但也实在老套，前面基因公司那趴就像在看皮肤病拟人广告。游乐园式电影确实快走到头了，电影多少是要有点出乎意料的东西才有趣啊。
2,阿点日剧日影迷,4星,2023/5/3 20:00,广东,577,#银河护卫队3点映即使我对银护系列一般般，落幕的时候还是会觉得很不舍�交代了火箭浣熊的过去，感觉他更酷了！合家欢真的能给人带去欢乐�WeareGroot!
2,Dreamer,5星,2023/5/3 13:21,北京,1217,非常幸运，成为了全球第一批观看银护3的人。银河护卫队系列就是我最喜欢的超英电影，没有之一。银护3就是复联4后最好的漫威电影。拯救漫威口碑还得看我滚导，值得N刷。情节紧凑，搞笑，感人，温馨，虐心，音乐品味极佳，每一个人物形象都非常饱满，新加入的角色也很有趣。有太多我爱的充满人文关怀的情节了。一会儿带你下地狱，一会儿带你上天堂，一会儿带你进入萌宠乐园，最后带你进入一个盛大的party。当他们在一起，便成了一个银河系搞笑天团。他一句话，所有人为他转身。我们永远与你并肩作战。Familyforever.当前两部的画面和熟悉的音乐再次出现，我希望这场关于银河护卫队的美梦永远不用醒来。Farewell，myfriends.
2,过去是只猫,5星,2023/5/7 0:50,北京,979,“鲨我别用浣熊刀”最受不了看小动物痛苦
2,son沐风,5星,2023/4/29 14:18,上海,886,28号首映看的，相当喜欢，还得是滚导，熟悉的味道，给银护系列画上完美的句点。称之为复联4后的最佳漫威电影一点也不为过，在一些方面甚至认为超越复联4，没有一秒觉得无聊，包括字幕。情节推进和情绪都拿捏得恰到好处。将火箭的身世作为大主线本身就很催泪，贯穿全片的生死也很让人揪心。虽然笑点很多很密，但丝毫没有盖过悲伤，真正做到了“笑中带泪”。最后的彩蛋更是惊喜，从第一部看下来的观众很难不会热泪盈眶。一路看下来，这个系列的主创们就是一家人，只有真正喜欢银河护卫队的人才能拍出这样的结局，每个人都有完整的个人弧光，每个人都能让你兴奋让你感动，Groot的话依然是最感动，火箭的音乐是最大彩蛋，每个人身上都倾注着创作者的爱。这个结局真的太好了，好希望能继续看下去，但这段旅程真的到此为止了，再见，“我爱你们所有人“
2,又子又,3星,2023/5/6 16:56,浙江,265,7.3／10都创造完美世界了，就不能修复下自己的脸？
2,窃行动物,2星,2023/5/5 20:15,山东,431,8.6是不是搞笑？？很久没看到这么烂的片了，从头套路到尾，罕见地体验到如坐针毡的感觉，以后漫威的电影真的是一部都不能看了。导演是不是把自己歌单全塞电影里了？如果是的话我还真要感谢导演，歌不难听，让我能在两个半小时的漫长时光里不至于睡着过去。唯一的优点是结尾时的一段伪长镜头打戏，酣畅淋漓非常爽快。
2,D。,4星,2023/5/15 8:54,湖北,16,已经开始期待下一季了
2,天马星,1星,2023/5/3 19:15,广东,564,这部电影别扭至极，毫无内涵只能无能狂怒的反派与拥有悲惨过去的火箭浣熊都沦了为背景板，大部分时间还是要看一群毫无化学反应的角色，假模假样地为友情爱情闯关冒险。在情绪价值如此廉价的今天，这部电影充满了算计，所谓怀旧+悲情只为了赚一波情怀党的眼泪，以及我对于这个系列滥用歌曲的忍耐度已经到了极限！
2,名字取的长就牛,5星,2023/5/7 14:15,上海,683,感谢滚导没有强制让卡魔拉和星爵在一起，重生了那就是全新的她，星爵所喜欢的就是过去的那个她。银卫能有这样的一个完美结局真的很感动，各位都得到了自己的救赎，很棒。
2,端木胥,5星,2023/5/7 18:09,福建,565,最后格鲁特说出了“我爱大家”，其他人没有惊讶，因为他说的还是“我是格鲁特”，只不过我们也成了银河护卫队的一员，听懂了格鲁特的语言。漫威电影的魅力就在于，我们在现实世界不断成长，他也在电影世界陪我们经历，像个老朋友，互相打闹，互相依赖。复联之后漫威电影进入了一个新的阶段，但是表现都不尽如人意，银护3的出现为漫威保留了最后一丝尊严。但好像也到了要说再见的时候。
2,子戈,3星,2023/5/7 10:29,北京,199,在漫威所有单体里，还是比较认这个系列，它一直在讲多元共存。成员里一只浣熊，一棵树，一个傻子，一个逗比，还有灭霸养女，这些八竿子打不着的人，最后成了一家人。到这部里，不光救人，也救动物，还把敌人吸纳成自己成员。这个观念一以贯之。最后让浣熊做队长，显然也更有助于传达这个观念。而且不上价值，只践行，就还挺好。
2,jellyfish,5星,2023/5/3 19:11,北京,552,开头浣熊火箭拿着随身听听Creep的时候我的眼泪就忍不住了。当随身听从星爵手上传递到火箭手上，不仅仅是队长的交接，还是叙事主体和情感表达的交换。第一二集讲的都是星爵的故事、卡魔拉和星云姐妹的挣扎，火箭是那个又特别又不羁的伙伴。他一人背负了伤痛的过往，终于在这一集伙伴看到。从开头否认自己是浣熊，到最后看到笼子上的浣熊标签，大声喊出自己是火箭浣熊，证明他终于与过往和解了。救出孩子、救出动物也救了那个曾经袭击他们的术士，那个混乱的太空堡垒反而更像是理想的乌托邦。歌里唱Dogdaysareover，银河护卫队虽然换了人但是主题曲还是在战斗时响起来了，真好啊。
2,亵渎电影,3星,2023/5/5 19:55,河北,152,在漫威宇宙那套模板化大数据的条条框框里，没有个人美学风格辨识度的导演，都被磨平了，只能拍出一些视觉垃圾，导致这个阶段的漫威电影一部比一部烂。但《银护3》的质量却还是挺住了，还得是詹姆斯·古恩这种有个人美学风格的导演，才能在漫威的大数据里保留一点个性和趣味。虽然怀旧金曲串烧已经没有新鲜感了，导演B级片恶趣味的东西也几乎不剩了，但至少没有沦为故事低幼，特效花里胡哨的儿童片，整体的观感上还能有一丝前两部的味道，还是能看的。
2,蝴蝶谷里的懒虫,3星,2023/5/12 23:36,北京,146,Sosillysodumb.看完只觉得滚导精神状态堪忧，转场全靠音乐，台词全在吵架，灭霸能干成大事果然因为他是一位情绪稳定的领导吧……
3,文森特九六,3星,2023/5/7 0:26,山东,126,三部曲质量呈现出一个直线下滑的走势，到这部哪怕在古恩的主流作品序列里大概也只能处于下游水准，基本上通篇都在攒段子，一个个碎裂又宛如背景板般了无生机的巨大奇观场面和愈加乱糟的老歌串烧中完成一段段大部分都并不幽默的笑点填充和靠声嘶力竭的吼叫实现的无效情感起伏，当然浣熊的回忆线是最完整和用心的，但如此做戏方式是否也是一种“偷懒”，叙事在仓促急躁的感觉中“赶向”甚至“等待”结局的到来，各角色的最终选择看似必然实则也是较为突然，转入DC的古恩表露出了强烈的别离意味，愤怒和不舍交织，于是数次在R级边缘试探的挑衅镜头与邪典趣味乃至选择黑人演员出演这个让观众咬牙切齿的反派，以及高潮前牌局上的特罗马教主劳埃德·考夫曼，星爵冰冻的脸部变形为“毒魔”等等，都或许是临别前的一次反叛到底和个性宣言，这也是古恩的选择。
3,pepper_ann,5星,2023/5/5 20:31,上海,439,物种可以跳过万年的进化时间，旧日爱人却无法找回短暂的回忆。造物主不想完善世界，只是痛恨当下现实。八岁离开地球的星爵终于回到家中，痛失爱女的毁灭者成了无数小孩的父亲，从出生起就是工具人的螳螂妹也想过上自己的生活。他们来自宇宙中的各个角落，正如开场那首Creep里唱的每个人都是怪胎。银河永远需要护卫队，就像我们永远需要与朋友并肩。银河护卫队的故事没有结束，它欢迎每一个在宇宙中孤独的人的加入。
3,打成豆瓣,4星,2023/5/5 17:17,安徽,399,我会怀念这帮宇宙傻缺的，GalaxyForever!
3,Meraki,4星,2023/5/7 17:35,上海,222,很少笑但没少哭。滚导就像银护1最后的Groot把所有角色紧紧地怀在自己打造的系列里，哪怕是放弃情节也要尽可能展现每个人的能力、品质和自我，充满了对银护小队的爱与尊重和对复联3的怨念，银护不用在其他导演的镜头里镶边牺牲背锅，他们是自己的主角。卡魔拉真的回不来了，掠夺者才是她的家，和星爵错身的瞬间给原来时空的爱情划上了最好的句号。星云和火箭，我真的最爱两位了，感谢导演没忘记他们是湮灭的五年里最亲的伙伴，星云听到火箭声音的哽咽很动容。曼蒂丝和德拉克斯，借团队的争吵爆发挑开两个角色被观众诟病过的弱和莽，再赋予他们高光和柔情，处理得很高明。救赎后拥新友，哨箭中见故人，最后我们都听懂了Groot的话，最经典的音乐一定要再放。
3,小邪,4星,2023/5/19 9:04,浙江,158,关于卡魔拉没有想起/重新爱上星爵这件事，我很欣慰
3,木,4星,2023/5/7 19:57,浙江,222,整个故事线其实非常老套好猜，但胜在剧情拉满不会给你太多喘息的时间。最后没有安排卡魔拉和星爵在一起好评，在超英的世界里死亡或许可以被逆转，但是死去的那个人不会再回来了，这才是死亡真正的意义。
3,成为不了半仙,5星,2023/5/5 20:09,北京,486,补：滚导笔下的漫威会更有生机一些。小动物的回忆戏份梦核浓度很高，机械半肉身的美术风格，恐怖谷效应加持下却有种特别的催泪体验/武戏处理到位，一段长镜头的打戏好莱坞顶尖水平
3,胤祥,3星,2023/5/15 5:33,北京,47,“克苏鲁的命也是命”，最后不仅救了实验人类，还救了一飞船的实验动物（尤其那三只克苏鲁），这个点还真是有点意料之外，这价值瞬间拉满了。导演把这个边缘英雄们的故事写出了很深厚的情感，也在一定程度上达到了反思人类（白男）叙事的目的，怀旧金曲主打反差效果，冷烂欠和恶趣味也都尽可能留下了一些。不过实在是……也就第一幕（去偷资料）写得还行，第二幕（反地球）和第三幕（大决战）的动机和解决真是硬来。多人大乱斗长镜头可以算是个年度名场面（虽然实话说也就那样……）。看完之后去给《蚁人3》再扣一星……
3,wendy,5星,2023/5/6 23:35,浙江,307,在这里，“完美”是个贬义词。“完美”等同于“苛刻”，等同于“没有人情味”。而银河护卫队恰恰就是一个最有人情味，最有包容度的地方。动物、植物、蠢的、坏的、蓝的、绿的、大的、小的…济济一堂，彼此相爱。
3,些晕,5星,2023/5/9 1:04,广东,301,最后我们能听懂groot说的话.证明我们已经是银河守卫队的队员了.
3,爱美斯,5星,2023/5/5 22:24,北京,301,相当于两个雷神3、一个王牌特工1、四个复联、十个流浪地球2那么好看吧！
3,披着人皮的鬼,4星,2023/7/17 14:57,北京,81,滚给自己的三部曲完美收官也算对得起飞机
3,Free1130,4星,2023/5/3 11:21,北京,264,没想到，终局之战之后，漫威还能狠狠地赚我一把眼泪！银河护卫队一直是mcu中比较独特的存在，不是主角、战斗力不强、也没有其他明星那么耀眼，大概就是一群唱歌跳舞养萌宠的逗逼话痨。但没想到，这次告别如此令人不舍，每个人都在旅途的最后找到了自己未来的方向，闪烁弧光（我是真的在这部才喜欢上毁灭者和螳螂妹。最让人动容的一定是小浣熊，哭了两次，第三次献给整个银河护卫队，一部不留遗憾的系列终章！
3,夏日的凉亭,3星,2023/5/7 21:52,广东,82,其实就是美式主旋律，外加一些导演个人的恶趣味，组成了这一部银护告别作。但是无论是动作场面的强度，还是作为终章的决心，都没有体现出来。不断的闪回也是很硬的走流程式拍法，很多感情升华也是靠音乐强来。不过这种美式呼唤爱与自由战胜专制、独裁和虚渺的乌托邦，还是让人觉得比强调民族、仇恨、对立的片子要舒服。
3,偷笔,5星,2023/5/7 13:56,广东,231,火箭浣熊在拯救自己同胞的那一段，用温柔触碰自己的痛苦，如果我的哭泣有声音，应该会响彻影厅。
3,Peony,4星,2023/5/9 22:07,浙江,78,感谢没把火箭写死�
3,阿德,4星,2023/5/3 19:39,北京,93,回来了！熟悉的配方都回来了！搞笑+金曲+大场面，想看的都在，算是给这个系列画上完美句号。继《复仇者联盟4》后漫威最佳，放心去看！
3,同志亦凡人中文站,2星,2023/5/3 18:02,新西兰,327,如果说第一部观感是IamGroot，第二部是IamGroot，第三部就是IamGroot。好在没有第四部了...（过犹不及的金曲串烧和卖蠢笑话反复在我的雷区蹦迪，滚导真的快滚不动了）
3,徐若风,4星,2023/5/7 21:40,北京,44,滚导交出的东西确实够量。混杂着背叛与悲怆色彩的“火箭往事”+“营救”主线，亮点很多，是第四阶段漫威罕见的，兼具——高情节密度、高情感浓度、粉丝向情怀、热闹观赏性的故事。世界观/反派的整体设计，还杂交了柯南伯格、卡朋特的“bodyhorror”风格，整体是哄闹搞笑/阴郁悲伤“一锅炖”的混乱华丽质感。此外社会议题的表达也很浓烈，本片的主题鲜明且统一。每个主角都在与过往告别，接受当下的一切，在集体中获取情感与身份认同，学着重新出发。这层表达其实隐喻着我们这几年度过的各种坎，片中有大量台词实际是在做观众“内心情感潜意识”的“心智工作”。个人认为这才是《银3》能成为《复4》后口碑最高作的深层原因。
3,张熊熊,5星,2023/5/11 0:31,江苏,170,怀疑自我，找到自我，接纳自我，大声说，我———是一只浣熊！！！！
4,八角,2星,2023/5/6 17:03,广东,232,非常的低幼化，这个低幼指的不是给小孩子看的子供向，而是整个电影的走向是非常婴儿式的，开心了就哈哈哈哈疯笑，一句话说不对不满意就立马动手，所有的emotion处于一种婴儿般的又哭又闹的状态，尤其是特意的把情绪都放大了，情绪化没什么错，但是被长达两个半小时的超高情绪化调教，大家就算是巴普洛夫的狗也会疲惫吧。
4,琼岛搓澡师,4星,2023/5/3 19:05,北京,131,用银护3决定以后看不看漫威；终于把MCU中最爱的作品看完了，复联4之后的反派个人魅力依旧没有人能超过阿灭，这部至高进化也不例外。劲歌金曲第三辑虽不如第一辑那样给人耳目一新的感觉，却恰如其分得让全员都迎来了完美结局，这就足够了。那段伴随着《NoSleepTillBrooklyn》的长镜头，在IMAX上看真的就像和队友一起杀敌作战，除了爽快也不知道用什么形容了！Cosmo永远是最好的狗狗！不舍得告别没看过瘾的都可以去玩《漫威银河护卫队》。
4,雅典娜,5星,2023/5/4 21:00,新西兰,274,诚意满满的告别，既是银河护卫队对观众的告别，也是Gunn导对漫威的告别。电影本身，明显还是他从乔斯威登那里学来的复联1三板斧：开片一个长镜头+全员激战时一个长镜头+群殴boss，连最终彩蛋都能看到复联1彩蛋的影子。但因为学到的毕竟是好东西，这部电影不是神作也绝对比凯文费吉操控的其他弱智mcu值得看多了。我这边感觉坐得满满的全场观众都很享受，催泪点一出来整个一排男女老幼一起擦眼泪（说真的我有点震惊，惊喜那种）。之前犹豫要不要四星，结尾那首Dogdaysareover一想起来马上决定五星奉上！这首歌选的真的QvQ再加上NathanFillion和Gunn嫂相当多镜头的客串，可以了～片尾字幕致谢的第一位就是allthefans，有心了！JamesGunn咱们DC见～
4,透明北极熊,3星,2023/5/13 23:08,上海,61,远没有没有网上吹的那么好，对于路人来讲这不过又是一部剧本很一般的老套漫威电影。
4,豆瓣路人己,3星,2023/5/4 8:52,中国香港,102,能看，但漫威水准本身天花板也没多高，更何况是《复联4》之后。
4,朝阳群众扛把子,5星,2023/5/16 1:22,北京,121,花了近十年，我终于也听懂了“IamGroot”。
4,任行藏,1星,2023/5/8 12:56,江苏,263,8.5+，豆瓣疯了还是我疯了？
4,JacksonLee,5星,2023/5/9 22:23,北京,161,漫威现阶段最好看的电影没有之一。相比之下，永恒族+雷神4+黑豹2+蚁人3合起来不如火箭身上的一根毛。
4,Moonquakes,3星,2023/5/5 17:26,河南,74,一地球福瑞神马的，实在是太掉san了
4,岛马,5星,2023/5/3 18:00,广东,228,自烂与自信间极度的奢华，复联4后最好的漫威电影！
4,一郁知秋,4星,2023/7/14 11:56,安徽,1,不错不错，味道好极了。原汁原味优秀漫威大餐银护3
4,Vitaliux,4星,2023/5/15 0:45,浙江,40,火箭当上了队长，星爵回到了家乡，克拉格林学会了哨箭，卡魔拉加入了掠夺者，我们都有光明的未来。
4,钟镇源,5星,2023/5/8 10:11,广东,136,我们以为的银护3:星爵寻卡记。实际上的银护3:火箭成神、星云成人、格鲁特大杀四方、毁灭者成父、螳螂女独立。滚导他太懂了！用最老套的话来说：有笑有泪，漫威最佳
4,Mr. Infamous,4星,2023/5/5 23:56,北京,40,也没必要走向终结，毕竟终于让漫威“漫威”了，关于银护，关于漫威甚至超英，闹热、酷飒、欢喜与悲凉都重回视野，但是对创作而言，见好就收永远比死乞白赖好，这也造就了一种缺憾却平易的舍得，即放心让角色去当角色，去在人生最鼎盛的时期，经历过就带着回忆与憧憬好聚好散，爱情可以曾经沧海，可以引而不发，友情、亲情也是，你见过了无穷宇宙，见过了人世悲欢，也才格外明白情最重，也最轻，于是胆敢一往无前，也胆敢两袖清风。谁不是在最怆然的段段悲剧里，捡拾一些欢喜与感怀，在某一站，孑然动身？好爱他们，尤其是火箭、螳螂女、星云。不过反派这么愚蠢与弱鸡，实在对不起那张狂，内反暴君是最佳场面。反地球那段，堪称马男变现。四星半。（……我怎么越来越觉得SeanGunn的引力越来越强？）
4,西凉河的葛三叔,5星,2023/5/4 0:48,韩国,207,一己之力救活漫威
4,EVANGELION,5星,2023/5/5 17:29,北京,149,正常四星，结尾救动物和彩蛋杀动物多加一星。结尾与彩蛋共同回应了这个21世纪最重要的议题：人的主体性与社会的相对主义。影片的答案是：尊重每一种生物，在力所能及时爱所有，但爱所有不等于爱是平等的;不放弃人的主观能动性，在外星狼外星人这种强弱之间，人也可以选择出手。人可以杀戮，杀戮是方法，不是目的。
4,杨迪,5星,2023/5/10 2:13,上海,100,完美落幕！看完之后的感受和2014年时看完第一部的感受一样，活在这样的时代，可以有这样的电影看，值了！ps:看到火箭的过往，不敢想象我家狗狗未来离开那天我会怎么样…
4,clarity,5星,2023/5/5 3:21,广东,190,好舍不得，比想象中好无数倍。最后的最后，看到SPECIALTHANKS，泪流满面。当火箭说hurt的时候，我就开始暴风哭泣了，我们这些苦海孤雏啊，不是被伤如此，是不会喊疼的。银河护卫队的精神领袖就是火箭，一直都是，是他让大家有了家。谢谢漫威谢谢滚导在大家告别前，都活了下来，各有归依，谢谢，有遗憾，但总归圆满。n刷，我来了！
4,大鼹鼠的陌陌蛋,5星,2023/5/7 17:13,浙江,108,第四阶段以来最佳，大家没意见吧
4,面壁者,2星,2023/5/6 22:03,浙江,146,拉黑了一大批电影博主，第一部的开头都比这整部好看。
5,曜九,5星,2023/5/13 17:09,山东,91,反派真的太残忍了，就是个变态，就是个疯子！终于知道了火箭它为什么讨厌别人叫自己浣熊。它不知道自己是什么，它以为那是骂人的话，最后它在笼子前看到了自己的物种，随后大声说出自己是浣熊，那里真的太戳我我。呜呜呜还想看更多银河护卫队的故事啊，这个系列真的太感人了
5,Wreak Havoc,2星,2023/5/7 19:09,北京,116,全片充斥着人类/白人的傲慢伪善和自以为是，观众看被改造的浣熊露出人类才有的面部表情，才能理解它被人折磨的惶恐和痛苦，有资格为它哭吗？不觉得讽刺吗？伪善在最后不仅要救飞船上的高等生命，也救出了其他的普通动物，但是一转眼浣熊火箭又在为“守卫”外星人类消灭外星野生动物，不觉得矛盾吗？去反地球讨水问路那段换成美国人和朴实刻板的墨西哥妇女毫不出戏，怎么一厢情愿地把所谓“高等生命”都设计成灵长目身材就怎么一厢情愿地用人类视角设计人外故事再美其名曰有关怀。
5,塔布里斯,3星,2023/5/5 23:44,四川,61,漫威第三阶段电影后唯一能看的。‘天选之子’火箭个人传记片，结果尼玛躺了电影3/4时长。反派弱的一批，还银河系最强有机体造物者呢，却没修复自己的烂脸，还不如一个急救包管用。没有银护1出彩，比银护2强。完！
5,耐观影-Xavier,5星,2023/5/6 2:46,法国,135,Rocket儿时那条线太虐了，幸运的是儿时和成年都可以被身边的朋友们不停用爱治愈
5,aidan,5星,2023/7/9 11:28,广东,53,第一部：个人主义如何走向集体主义。第二部：个人寻找生命中的权威，并超越权威。第三部：个人脱离集体，以此来探索和爱自我。星爵回归地球寻找家人；螳螂妹离开队伍去探索自我；火箭终于在旅途最后终于明白和接受了自己的物种——浣熊；卡魔拉并未追寻所谓宿命式的爱恋，而是忠于自我的感受；星云也从小角色成长为领导者；德拉克斯用自己最不喜欢的舞蹈来面对与螳螂妹的分离；口哨终于吹起了箭，独当一面；全片似乎除了树人外，所有人都在自我身份的指认过程中得到了成长，尽管成长的代价必须是分离，但古恩对我们大喊：管他呢！起舞吧！如果分离必不可少，何尝不用欢快的舞蹈送别它呢？
5,Who by fire.,5星,2023/5/17 0:00,中国香港,67,谁懂2023年了还是因为勇度的一个镜头一秒泪目
5,closer,5星,2023/5/6 21:28,广东,131,一个导演爱不爱自己的电影，爱不爱自己创造的角色是能够一目了然的。对于这些角色来说，这就是最完美最完满的谢幕。漫威最佳。
5,๑臭臭喵๑,5星,2023/5/9 16:00,湖北,98,傲格集团长得好像我的子宫肌瘤
5,白塔搭白塔,2星,2023/5/7 0:57,上海,153,评分高的以为自己看错片了。。
5,麻绳,1星,2023/5/5 15:33,北京,142,一看到那些熟悉的配方和腔调，就条件反射式的提不起兴趣，被那些破歌吵死了，这大概是我最后一次在电影院看漫威了。
5,如小果,5星,2023/5/21 20:14,北京,50,最让我哭死的彩蛋是那只被1957年苏联被发射到太空的狗莱卡，在漫威宇宙里活了。
5,木山豆睿,5星,2023/5/5 16:58,湖北,100,我的复联四PTSD在银护三里展现得淋漓尽致，任何旧事重提、濒死场景以及各个层面的回忆杀都叫我那个眼泪哗哗。平安落地，感谢滚导守住了我一份精神寄托。
5,随便看看,2星,2023/5/27 13:51,湖南,67,被豆瓣高分骗来看，极其失望，怎么可能有8.4分，太水太粉丝了吧。画面比较震撼，但演技一塌糊涂（男主见外公和见老婆一脸尴尬），故事情节混乱破碎，剧情拖沓零碎，高大上的主旨目标似是而非，宗教和政治隐喻生拉硬套，政治正确和插科打诨不自然令人起鸡皮疙瘩，唯一能带来感动的四动物着墨太少很工具化，最后还变成了歌舞片，最不可思议的是正反两边的能力忽强忽弱，整改能力和背景设定如果是漫画还能自己想象，变成电影处处矛盾不合理。如果是5-6分勉勉强强，就冲8.4的评价极其不推荐，整体一星加一星技术制作
5,玲珑,5星,2023/5/13 20:13,北京,70,完美谢幕。曾经我常常为文艺作品中伙伴的离别而悲伤不已，无法接受为什么这么要好的一群人为什么不能永远在一起。长大了才慢慢晓得，所谓伙伴，本身就是期间限定的，每个人终究要有自己的人生，但其实也无妨，人本身就是所经历的时间的集合，共同经历的旅程已足够值得感激。
5,黑榜麦芽糖,1星,2023/5/5 13:45,湖南,147,漫威目前难看到了一个新的地步
5,史努比叫雞記,2星,2023/5/5 19:42,河南,122,漫威已经创意贫乏到要用黑袍这种消费超英剧里的超人恋母梗。美术又继续恶心微生物写实风格。搞的整个片子有一种把自己吐出去的东西再咽回来的感觉。
5,Dain,3星,2023/5/15 6:54,美国,60,热闹，但是空洞，无聊
5,豆友225404463,5星,2023/5/3 11:51,上海,103,豆瓣真节目还是要看由迦可汗
5,0-0,5星,2023/5/8 0:47,上海,82,最看不了小动物们受苦�
5,Lynx chen,1星,2023/5/8 23:27,上海,101,豆瓣评分好高，看来是我不能接受里面各种拼凑怪物角色的设定，全靠光环的打斗，俗套的剧情，莫名其妙的歌曲150分钟的电影，90分钟的时候看不下去出来了，看这么多年电影第二次吧
6,__521,5星,2023/5/6 16:03,江苏,89,太狡猾了这部，拿小动物的感情当卖点
6,终未,3星,2023/5/9 6:08,北京,56,滥用音乐梗，为了音乐而音乐显得很讨厌～除了开场那首配乐贴合故事线，好多处配乐都让人不舒服～为了情怀过度煽情～
6,Lynx chen,1星,2023/5/8 23:27,上海,101,豆瓣评分好高，看来是我不能接受里面各种拼凑怪物角色的设定，全靠光环的打斗，俗套的剧情，莫名其妙的歌曲150分钟的电影，90分钟的时候看不下去出来了，看这么多年电影第二次吧
6,Kkkk,5星,2023/5/18 18:17,广东,66,真的很喜欢这个结局的处理，卡魔拉是她独立的个体，不是我们熟知的卡魔拉了，每个人都有了属于自己的结局。感觉这一部让我对银护队的几位都更加喜欢了，人物比以往都立体和复杂。不过就连反动物实验都能被某些人说为“政治正确”更加证明他们口中的政治正确只是因为自己缺乏同理心，只是没有正确到自己头上罢了。
6,y,1星,2023/5/4 0:27,四川,77,同为爽片还不如之前的龙与地下城呢
6,小宇宙人,3星,2023/6/4 21:35,北京,38,看了不后悔但也没必要看的行活
6,Pincent,3星,2023/5/5 16:12,湖北,47,越来越带娃电影了，非常“大爱无疆”，给小孩子观众搞一些人道主义教育和高强度音乐灌输，并且想传输理想化社会结构的概念。迪士尼又带头批评大企业物品化生灵、搞身体改造了，并说他们的控制和设计令人恶心，感觉也有点怪怪的，（或是滚导带头批评迪士尼）。
6,slowlycatcher,3星,2023/5/7 21:42,北京,57,漫威大概是回不去那个给人新鲜感的时代了，看的时候满脑子都是西科塞斯说的那几个字——“主题乐园电影”。热闹，但是无聊。
6,苏离。,5星,2023/5/6 16:58,江西,84,数次热泪盈眶！！！每个人都好立体！！！
6,声色画报,3星,2023/5/12 22:58,江西,34,又一部催眠大片，我真是厌烦这些套路了，莫名其妙的音乐BUFF，没完没了的打斗暴力，每个角色都丑陋恶心。搞笑的是所有角色都不认识火箭是什么动物吗？一会獾，一会刺猬，一会松鼠的~最后才证明是干脆面。
6,Vitaliux,4星,2023/5/15 0:45,浙江,40,火箭当上了队长，星爵回到了家乡，克拉格林学会了哨箭，卡魔拉加入了掠夺者，我们都有光明的未来。
6,携德,3星,2023/5/17 0:23,广东,31,一般，剧情及格但套路，音乐塞得太满太刻意，大反派吼来吼去过于智障
6,风油精,5星,2023/5/11 18:27,四川,62,你一直都是主角，只是你不知道。
6,灯塔映画,5星,2023/5/6 0:55,上海,78,《银护3》做得唯一一件理所当然的、也是最正确的事情就是把观众当观众，这句话可以拆成3个部分理解：1-角色动机充足且纯粹，行动利索少说教；2-角色个性完美保留，成员就还是那些个顽童；3-秉持系列主题，踏实叙事，基础扎实再作升华；滚导成功地通过3集塑造出这样一支能消解任何矛盾并吸纳新人、看起来都很怪但实则都很Nice的可爱团队。苍白的完美（完美社会和人造生命体）和多彩的残缺（不完美的银护成员）之间的对立、鲜明又现实，验证了那句至理名言——“爱并不是寻找一个完美的人，而是学会用完美的眼光，欣赏那个并不完美的人。”上一次为MCU电影落泪还是《A4:EG》的钢铁侠告别，这次即便挡住了火箭在走马灯里和水獭莱拉的对话，但没挡住星云和火箭在烁灭5年的相处伏线回收。
6,朝阳区妻夫木聪,3星,2023/5/6 1:42,北京,46,作为三部曲终章，最大的优点在于赋予了每个角色相当饱满的弧光和立得住的位置，从14年的第一部到现在，也是接近十年了，地球上有复联，宇宙中有银护，确实很难再有比让这群怪咖们“聚是一团火散是满天星”更完满的结局了。但同时有点尴尬的是，放到整个漫威第四阶段以后来看，它显示是突出的；而在前两部带来的惊艳感面前，它又是有些老套的。这或许不是漫威或滚导的问题，而是整个超英类型片共同面临的困境。滚导在离任前把这种私人口味进一步做到极致，让整场告别变成劲歌金曲大串烧，切都切不走。但观众如我，到最后却只记住了一首Comeongetyourlove，那是与这群人初相识的样子。用差不多十年换来一首歌的回忆，这样的谢幕，不知道是值还是不值。
6,Mr. Infamous,4星,2023/5/5 23:56,北京,40,也没必要走向终结，毕竟终于让漫威“漫威”了，关于银护，关于漫威甚至超英，闹热、酷飒、欢喜与悲凉都重回视野，但是对创作而言，见好就收永远比死乞白赖好，这也造就了一种缺憾却平易的舍得，即放心让角色去当角色，去在人生最鼎盛的时期，经历过就带着回忆与憧憬好聚好散，爱情可以曾经沧海，可以引而不发，友情、亲情也是，你见过了无穷宇宙，见过了人世悲欢，也才格外明白情最重，也最轻，于是胆敢一往无前，也胆敢两袖清风。谁不是在最怆然的段段悲剧里，捡拾一些欢喜与感怀，在某一站，孑然动身？好爱他们，尤其是火箭、螳螂女、星云。不过反派这么愚蠢与弱鸡，实在对不起那张狂，内反暴君是最佳场面。反地球那段，堪称马男变现。四星半。（……我怎么越来越觉得SeanGunn的引力越来越强？）
6,MinamiFans,1星,2023/5/6 12:04,湖北,54,可以复制一遍《侏罗纪世界3》的短评了。一个疑问是为什么超英电影续集怎么总是对没看过前作的观众这么不友好，以至于看完都还没认清谁是谁，剧情都讲了些啥。串烧也不好听，除了开头的radiohead。以后没补过前作绝对不会再碰超英电影的续集...
6,ForVictoRi,5星,2023/5/6 21:22,江苏,96,除了高等生物，低等生物也是一个个生命！火箭这条线真的挺感人的
6,思路乐,3星,2023/5/6 22:13,福建,31,【C】啊，多少年没看到这样“正常”的漫威了，不过和《银护1&2》比起来还是有明显差距。这么看来后疫情时代滚导的创作思路也被第四阶段这堆臭鱼烂虾带偏了不少，有太多太多蠢到没边的戏剧曲折，像是为了引出一段酷炫的动作戏不得已而为之的剧作摆烂，实在是糙到令人发指。但作为一个系列的终结曲，至少真的有把重心放在角色身上，不断编写出平均而饱满的个人高光，并最终导向诚挚的大团圆谢幕仪式，在当下的超英市场这几乎成了一种奢望。
6,PepsiPussy,5星,2023/5/28 20:09,津巴布韦,45,动物爱好者坐在电影院哭了好几场
7,一二,3星,2023/5/7 22:41,河南,42,太空版诺亚方舟，伪善地救赎，慈悲地圆满。每个人都解了心结，成长了，变得平和了。通过以暴制暴，通过英雄主义，通过政治正确，通过白日做梦。他们不能好好说话，只能大声嚷嚷，然后打架杀戮，再爆炸，粉碎旧世界，在他们觉得合适的地方载歌载舞。
7,係只猴爬上树顶,5星,2023/5/5 16:30,广东,78,【23/83】不知道哭了多少次，直到comeandgetyourlove出来才意识到第一代银河护卫队已经过去了。每个人都是主角，只是你没有发觉，高低等生物都救，学会怎么游泳。这才是超级英雄电影如何拍好群戏的典范，每个人物都有高光时刻，没有配角，每个人都是主角，都有自己的用武之地。毁灭者是个好父亲，火箭是个好队长，每个人人都在寻找自己的方向。看完以后更想拥有一个播放器，然后按年代选歌。彩蛋里小女孩最喜欢的歌手是布兰妮，如果是千百年过去问我还是会回答Madonna（btw我就说，金人儿子丑的这么眼熟，在冒牌家庭演安妮斯顿儿子）传奇星爵会回归？你最好是
7,小植野,2星,2023/5/5 19:01,广东,60,【D+】本片的关键全靠与火箭的情感纽带牵着，观众和成员们一起抓着这根摇摇晃晃的绳索摸索前进，但整个过程都难以让人满意，给人一种吵吵闹闹聒噪的感觉，五人组的互动笑点又尴尬又过时，不合时宜的插科打诨和互相调侃对方缺点——卖蠢式笑话真的用太多，完全笑不出来。火箭与朋友们的回忆固然感人，但与目的地之间的故事逻辑也完全不能认真思考，于是当我看到那段精彩的长镜头打戏和高潮段落一个接一个的回头转身，我明白了前面一切就是为了这个构图给凑出来的铺垫，拼凑感的故事由强有力的情感线驱动，这就是这部完结篇电影整体给我的感觉。#激光IMAX2D
7,鬼X,3星,2023/5/13 22:33,重庆,34,除了特效和长镜头之外，几乎没有什么亮点，给个三星只是因为至少终于恢复了正常水平然而，断层严重的剧情、各种奇怪的节奏、瞎几把乱响的聒噪复古音乐、莫名其妙的马景涛老师灵魂摆渡最不爽的是，反派设定太脑瘫，且编剧用了太多廉价的手段（虽然我承认动物真的很萌），一旦你意识到这是因为编剧太菜，以至于只能通过欺负动物和小朋友来塑造角色的时候，就会觉得整个故事的核心都弱爆了……至于团队更替角色换代……无所吊谓了已经
7,zzzzlalalla,5星,2023/5/20 22:38,广东,65,火箭放出那群小浣熊的时候，也救赎了当初的自己呜呜呜呜呜好好看这一部，还有火箭再次跟拉皮紫茄子对战的时候，下一秒有整个银河小分队的人来帮他，谁懂啊！！我永远爱银河小分队，但结局我也很惆怅，happysad的感觉，他们应该永远在一起啊！格鲁特最后的语言大家都听得懂了！因为我们已经是银护的一员了，太多点都让我惊喜了，连勇度都有两秒得出现，太好看啦！！音乐品味还是那么好！！还有！！宇宙没有小狗不过是在硬撑罢了！
7,橙意多多多,5星,2023/5/10 22:39,安徽,236,不一定要有人死，这样的离别也很好。
7,乔大路,2星,2023/5/14 1:04,浙江,37,像大模型训练出来的电影，情绪完全服务剧情需要，上一秒痛彻心扉，下一秒就得放梗哄笑，过山车一样来回波动，疲劳。唯一亮点是长镜头搏斗，复杂的镜头调度，赏心悦目。
7,温岭阿浪,5星,2023/5/5 21:36,浙江,53,1，滚导不同于其他导演的地方，在于他知道自己拍的是爆米花，他不会故作高深地追求逼格。影片给予观众极大的娱乐性，同时又有恰到好处的情感点缀。愤怒，欢乐，刺激都在这部电影里得到满足。不愧是在漫威dc两头都能吃得开的导演。2，如今流行塑造苦大仇深，让人又爱又恨的反派。而滚导则不玩这套，他的电影里反派就是坏蛋，要坏得彻底、邪恶，让人恨得牙痒，让人看到他挨揍时感到解气！3，许多多主角的影视剧越拍到后面就越容易成为男一号的个人秀，难得本片中，各个角色的魅力都得到了展现，他们不再是2014年那群吊儿郎当的菜鸡，在第三部中每个人的实力都得到了强化，每个人的魅力都得到了展现。4，影片不可避免的会有一些老套情节，但就像多油多糖做出的爆米花才会好吃，适当地用点老套路能更好地为一部爆米花电影提供娱乐性。
7,摸鱼的momo,5星,2023/5/6 18:01,辽宁,80,事实证明我不是讨厌family侠，我是讨厌生硬的family侠，里面的角色如此生动立体，有自己的意志与追求，集体利益和个人利益达到了最大的平衡，这真的不是共产主义的最大可实现程度么，救出高等生物后的小生物片段我简直哭死，我做了很多动物实验，看这实在是破防了。
7,饿霸地煮,2星,2023/5/6 20:18,上海,29,漫威第四阶段的电影拍的都是小学生之间的人际关系，鲜有超过小学生能理解的成人问题。
7,会花光的金子,4星,2023/5/8 18:46,北京,38,还是熟悉的配方，逗嘴、劲歌金曲，顺便拯救宇宙，说实话没什么惊喜，情节上没有任何意外，滚导就是很真诚地给这个系列画了个句号，三部曲质量很稳定，已经算现阶段漫威的遮羞布了，谁能想到这个看似最不靠谱的团队，却一直是漫威宇宙最温暖的存在呢
7,talliscool,4星,2023/5/6 8:07,广东,58,齐心协力之后，当然应该各奔东西
7,鹅向肉游,4星,2023/5/26 20:18,广东,39,从“我不是浣熊”到最后的“火箭浣熊”，火箭完成了自我的构建与认同，；星爵与卡魔拉之间的感情也得到了释然，他们没有相爱是最恰当的结局，人要学会自己游泳；“他是在我们之中唯一不讨厌自己的人”，这句话点出了这一部的核心表达：独立的个体与自我的接纳，而且这么哲学的命题是举重若轻地说出来的，这点我很喜欢。剧情上从解救火箭开始，再到拯救在飞船上的星云三人组，接着是拯救上面的孩子，最后是拯救上面的动物，不断有新的问题需要解决，全程动作戏很多，吐槽笑点也很多，两个半小时全程都不会觉得冗长无聊，除了对火箭身世的回闪剪辑处理得不够流畅以外，只觉得轻松有趣。音乐是一如既往的好听，银河护卫队可以说是一部CD播放器了。
7,sorry打搅,4星,2023/5/13 18:21,上海,30,火箭—银河护卫队里的宫城良田。
7,Kipling,2星,2023/5/9 23:45,四川,54,就这？8.5分？
7,Xxin,5星,2023/5/6 1:01,北京,56,SpecialThanks:AllTheFans!
7,小饭,3星,2023/5/10 0:33,四川,43,（65）我以为多好看呢……
7,为君青丝变白发,5星,2023/5/14 14:13,陕西,55,“火箭，你一直是故事的主角”
7,寒枝雀静,3星,2023/5/9 19:19,上海,16,D＋/可能是MCU一堆低水平剧作里最巧妙的之一。当一个俗套到极点的虚伪野心家形象即将彻底消解掉社会讨论时，主角群却用其自身的组织状态补足了关于乌托邦的讨论（当然仍是浅尝辄止的）。由善良、温柔、愤怒、暴力等优生学引出的概念星丛也在各个翻转的时刻获得了足够丰富的展演，从而让“陷阱”到“面对面碰撞”的转换显得尤为有力——人物间的内在张力反而通过抽象的外在概念被支撑起来。然而除此之外的关键转折还是乏善可陈，而转场逻辑之粗暴也反反复复在高潮时打断情绪的连绵。不过作为系列的终结，又或者作为某个时代终结的想象，对每个人物蕴藏的爱也已足够动人。
7,嘻嘻嘻,2星,2023/5/10 21:24,河北,57,垃圾漫威�好久没看过这么烂的片了
8,实验台,5星,2023/7/29 19:32,广东,38,哭的眼泪倒流。火箭看到笼子里那一群浣熊幼崽，直接掏出了曾经的自己组装的门卡。这么多年他可能会时时想要回去吧，饱尝心碎自我否定，但最后他说他是rocketraccoon。哪怕身在宇宙，在任何星球，只要活着，我们都必然会寻找着真正的自己。
8,宫商角徵羽,5星,2023/5/6 0:36,海南,66,毫不夸张地说，漫威自复联四结束开启MCU第四阶段以来，这部是唯一可以正常看的一部。你很难想象，一只浣熊的演技能把至少往前五部的人类男女爆的连渣都不剩。
8,momo,3星,2023/5/7 23:20,广东,50,三分钟一小煽，五分钟一大煽，真没必要。卡莫拉的结尾设置还挺不落窠臼。
8,囍弗斯,3星,2023/7/9 17:28,辽宁,19,火箭线很好，长镜头还行，其他部分一坨答辩
8,影探,4星,2023/5/3 22:49,山东,31,人依旧逗，歌依旧好听，每个角色都有独立的个性和完整弧光，尤其火箭浣熊，能看哭。完美的系列终章，感谢这帮逗比。家人们谁懂啊，太神奇，我竟然真的听懂了IamGroot，哭……
8,一止,3星,2023/5/7 20:53,江苏,38,反派塑造很一般。莫名其妙。剧情不带脑子看还行。特效也一般。不知道为啥这么高分。打个三分平均一下
8,豆瓣狗管理,1星,2023/5/6 1:07,英国,59,这玩意儿8.6你们是认真的吗，这故事剧情起承转合也太子供向了，拉满爱与家人的美利坚样板戏我感觉也就两星左右。打个一星中和一下评分
8,微阳,4星,2023/5/6 23:57,浙江,50,保护动物人人有责，喜欢这种受伤儿童自己拼凑起来的家庭样子，满满的创伤后遗症式的爱
8,九爷,3星,2023/5/9 9:05,上海,27,故事很普通，就是A救BB救C或者A，反派塑造非常过时，“一切都是为了进化”这一套大概十年前还有点用，现在就真的令人犯困…Rocket的拯救小动物环节有点泪目但感觉挺按头的，整体来说，很无趣
8,冰镇西瓜橘子水,5星,2023/5/7 17:13,云南,44,导演一定是爱惨了每个角色吧没有工具人大家都有自己的理想和目标每个人都找到了属于自己的路卡魔拉和星爵没有为了大团圆硬是凑到一起一直帮助大家的螳螂女也有了自己想做的事火箭的起源更是神来之笔多出点剧集和番外吧还想知道格鲁特的故事
8,托尼·王大拿,4星,2023/5/11 22:38,黑龙江,13,原班人马的各奔东西实乃故事发展至当下的最优解，极为妥帖地描绘了成长的欢愉和痛楚；情绪与技法的过火——包括我通常极为厌恶的那种CG长镜头——是与全片基调高度适配的，因而便更加具备感染力；最出彩的当属美术设计，冈恩在完结作里彻底放开，疯狂释放着黏稠肢体爱好者的能量。
8,基瑞尔,4星,2023/5/5 16:33,四川,26,一时为团队，一世为家人；它不曾再去触碰更大的世界，抑或繁琐堆砌角色更多的问题，而执着于炮制整个系列最让人熟悉的情感寻找与回响。还是会有相当长、繁琐的节奏问题，但点唱金曲的密集出现、讨喜的调性又在感到乏味的过程中一点点把人往回“拉”。<Dogsdaysareover>issoooootouching——你感觉可以停在这里就此别过（真的不想看到某位演员了），也能期待它可以拓展更多。
8,舌在足矣,4星,2023/5/12 10:57,美国,16,难得能在现阶段的MCU看到一部以人物和他们之间的关系为核心的作品，而不是忙于构建多元宇宙世界观、推进整体剧情。本片反派是一个痴迷于用拟人化的动物构建完美无瑕的“理想社会”，对旗下“proprietaryproperty”铁腕控制，依赖可以进行创新的“头脑”但又用完即弃。这怎么看怎么像是JamesGunn经历之前被炒鱿鱼，然后又被重新找来继续拍片，于是直接对迪士尼开炮的结果
8,baichi0038,4星,2023/5/13 13:49,广东,25,天下苦漫威屎片久矣，难得一部认真正经不糊弄讲故事的电影，都忍不住感激涕零了。
8,要丸,4星,2023/5/6 0:19,浙江,45,从地球到反地球，乌托邦永远无法实现，这或许只是一种可悲。但不知造物者为何物的我们却妄想要创造自己的理想国，这肯定是一种可笑。我们在劲歌金曲中踏上太空谢幕之旅，我相信人类谱写出最美丽的乐曲永远都是缺憾。在火箭、大牙、板板、莱拉想要仰望的天空之下，闪耀着的是人类失败而无序的情感，是那份我们称之为“自由”和“个体”的价值。时刻在拌嘴和争吵的银护小队总能在最关键的时刻展现出最惊人的凝聚力，这种不完美的情感才是我们被创造出来的意义。当至高进化大声质问神在何方的时候，其实已经获得了答案：真神从不干涉被创造之物。从一群反英雄小人物组建的团队到现在各自奔天涯的终章，电影的结束才是生命的开端，就像有着败笔的我们在人生路上聚散离合。滚导这是作为造物者在跟银护系列告别，更是在自己人生路上迈向一个新的开始。
8,Lynne.Z,3星,2023/7/10 11:41,北京,25,非常一般，过度煽情，笑点也很低级
8,不行不了不好,3星,2023/5/14 0:14,江苏,19,这已经是最近漫威最佳了吗
8,路易绕,5星,2023/6/18 0:00,北京,36,感谢滚导，这几乎可以说是复联4以来最好看的漫威电影了。所以说最体面的退场完全可以是退休和转行，为什么一定要生离死别呢
8,淫雨,3星,2023/6/18 22:25,浙江,16,最后男主飘在太空里，我同事倒吸一口气，我说他是男主又不会死的，我同事说我当然是在为狗担心呀，我说放心狗也不会死的，超级英雄电影就是这么无聊。
8,带刀夜行的学徒,2星,2023/5/5 2:29,广东,41,一星送给开头的《creep》一星送给结尾的《thedogdaysareover》如果这都能说是2019年以后漫威最佳的话其实可以就地宣布倒闭啦
9,南朝鲜影迷,1星,2023/5/5 16:33,贵州,57,本来以为片荒的有片子看了，看完后，这是个什么玩意儿，吹爆的情怀就这样？
9,多事之秋,5星,2023/5/13 16:45,广东,48,杀我别用动物刀
9,ng,5星,2023/5/3 17:35,上海,80,Creep出来已经哭成sb
9,Q。,3星,2023/5/8 11:04,湖南,26,很久没看爆米花电影，质量下降到这个地步，冗长混乱尴尬疲惫，音乐的分贝甚至让人听感不适，总结就是一个呱噪的游园会。★★★
9,RodyZ,5星,2023/5/20 19:43,北京,38,男女主比以前更好看了诠释了“每个人都有自己的生活每个人都有更好的未来”人与人之间时聚时散才是常态
9,蒜 | BOY A �,4星,2023/5/5 18:06,四川,33,依然沿袭前两部的风格，欢乐逗比，时代金曲，怪诞复古，合格的爆米花电影，重新体验了阔别已久的影院漫威情怀。熟悉的人物，熟悉的音乐，在熟悉中探寻我们的未知，火箭浣熊的人生成长史，也是银护团队的生命史。边缘化的人生，别人眼中的怪咖，生活里的失意者，强者身边的工具人，通过组团重获生命的价值，感受集体的温暖。闯荡江湖之后，勇敢接纳自己的过去，拥抱内心的小孩，是强者的又一次新生。
9,什么玩意儿,5星,2023/5/19 10:57,河南,58,火箭浣熊在拯救自己同胞的那一段，用温柔触碰自己的痛苦，如果我的哭泣有声音，应该会响彻影厅。
9,裸奔的芒果,5星,2023/5/5 14:25,中国台湾,44,精彩纷呈，细节爆满，可以进入漫威前三殿堂的水准。再次证明漫威依旧是那个睥睨群雄的存在，一旦认真起来轻松全方位吊打DC，所谓的互相比烂只是错觉。本来对超英电影都已经把期待降低到了沙赞2的水平，没想到却再一次被刷新了认知，一直认为观众对超英电影的审美疲劳已经到了临界值的我被狠狠打了脸。而银护卫3成功的地方也正是在于完全打破了超英电影个人英雄主义的限制，而且和复联4那种看似群像本质还是在强调个人奉献的风格有着本质的不同。能感受到导演和编剧倾注在电影里对银护满满的感情和不舍，虽然以火箭的故事为主轴，但刻画的是一整个团队的感召力，真切的让观众体会到这才是贯彻银河护卫队作为一个team和其他超英最大的不同之处，最后致敬诺亚方舟和创世纪也是亮点。全片都洋溢着真情流露的纯真与美好，作为完结篇已无遗憾。
9,仲秋月含颦,5星,2023/5/7 13:29,重庆,44,有猫的人看不得火箭垂死，看到他戴着呼吸机的模样，在电影院哭得我不行了。跟火箭不同的是，我是一个记仇的人，离开我伤害我的，这辈子都无法原谅。笑点依旧精彩，特别是星爵想单独跟卡魔拉通话，按下蓝色按钮后大家都听到了的一段。因为看过去年的银护圣诞特辑，所以过去的卡魔拉回来时，让我吃惊不少。漫威的英雄，我最最喜欢的就是银河护卫队，以及护卫队里的星爵，可能人缺啥就喜欢看啥。我是一个很少被爱以及没有家庭归属感的人，所以钟情《摩登家庭》、《我爱我家、《银护》等。其他超级英雄都是单打独斗，最多和别的超级英雄合作一下，只有银护在打打闹闹中相亲相爱。有星爵，就绝对没有好歌可以听，片尾响起星爵专属登场歌时，真的是大完满了。今天凌晨才看完《漫长的季节》，银护里星爵跟卡魔拉，跟这片结局一样，往前走，别回头。火箭浣熊万岁
9,骚行天下,5星,2023/5/16 20:41,北京,2,看了复联4过来的，表示人都全活了，怎么拍？
9,猫小珥,3星,2023/7/14 22:56,江苏,14,又是一个无能狂怒的反派其实看着挺失望的要不是漫威这阶段其他作品的承托这部都很难及格唯一塑造比较成功的大概只有火箭了
9,DeckardYang,4星,2023/5/7 13:29,四川,20,【4】毫无疑问，这个相对独立的太空歌剧三部曲已经成为MCU的最佳系列，包括CG制作也是四阶段起最具完成度之作。Gunn不可能不深爱他笔下这些迥异的角色，此前疏于照料的人物在本片也终于得到更完成的成长，并迎来这个完满收束。劲歌金曲和Cult趣味依然延续，而在不断的喧闹中动些真情则是这个小队真正的标志。（不过确实，还是在隔壁的创作才更能体现Gunn的肆无忌惮）
9,脱落的树皮,3星,2023/6/7 19:19,山西,16,银河护卫队之辛德勒名单……音乐挺抓耳，但歌词真的和场景情节没有半毛钱关系啊……特效比蚁人3的花花绿绿好，不如速10燃……另外，我真的受够了一大群人叽叽喳喳不知所谓的插科打诨斗嘴打闹开玩笑……
9,xxmguts,2星,2023/5/5 11:32,安徽,50,真的不要再接受尬演了，看看龙与地下城吧
9,lokyiuuu,4星,2023/7/23 20:26,广东,22,任何涉及到小动物之间的感情都鲨我千百遍，谁能想到小浣熊mini版是这么可爱呢。
9,姜君,3星,2023/5/7 21:37,江苏,31,放一个总想改造人类的大反派，设计一些奇形怪状的变异生物，埋几个前后呼应、坏人变好人的伏笔，塞一堆质量参差不齐的搞笑段子，挤几滴工业糖精勾兑出来的廉价眼泪，结尾所有人像宝莱坞一样不如跳舞，最后再狗尾续貂两个不明所以的预告彩蛋……我觉得等到GPT-6的时候，应该可以交给它来写了。
9,停留在社交表面,5星,2023/5/8 19:39,广东,51,妇联4之后都没哭那么惨
9,雨苔思音,4星,2023/5/7 0:14,湖北,18,不是最好的漫威，但也是这么多年来唯一能看的漫威了，虽然影片还是有些歇斯底里的情绪表达，然而能完整地把握这么多角色的弧光发展并予以高光已经难能可贵，也许不是最好的结局，但每个人都寻到了自己的归宿。
9,他好像一条狗,5星,2023/5/17 21:04,四川,46,宇宙没了小狗还能转？硬撑罢了！宇宙没了小狗还能转？硬撑罢了！宇宙没了小狗还能转？硬撑罢了！我好喜欢科斯莫啊啊啊啊啊发一些小狗疯
9,青藤走狗,3星,2023/5/7 22:13,北京,28,反派放了三头巨兽出来，结果你告诉我它吃电池不吃人？敢问这种智商为零的反派，你们是怎么做到打得这么费劲儿的
10,胤,5星,2023/5/20 18:31,河北,40,宛如一支乐队的解散
10,lucas流窜地球,3星,2023/5/12 16:55,上海,15,Rocket的故事这条线处理得蛮动情的，救活以后的内容就有些冗长煎熬了，好像预算花不完，使劲请群演，搞特效，烧来烧去，炸来炸去，好不容易烧完了，好不容易电影终于结束了。。。。。���
10,潮汐,5星,2023/5/12 22:55,北京,37,原来不需要死人也能把离别拍的感人
10,少年赵里昂,5星,2023/5/5 17:33,陕西,49,我宣布和漫威暂时复婚�这部为该系列画上一个很棒的句号，�火箭浣熊让人好心疼�，我觉得银护一直很好看的重点在于，它真的成功塑造了“一家人”既视感。他们虽然永远都在拌嘴，却又在每一个关键时候毫不犹豫的支持着彼此。角色之间感情是非常让人信服的，一群“怪胎”聚在一起，他们每个人都不完美，甚至是别人眼中的“垃圾”，但茫茫宇宙中，他们遇到彼此，跨越物种的共情着彼此的伤痛。而凝聚这个团队的精神内核，永远都是善良，是仁慈，是爱。他们不是家人，却早已经胜似家人。
10,Immortal,5星,2023/5/6 23:50,河南,45,岂止是复联四后漫威最佳，即使放在所有MCU里也是第一档的水平。和复联四一样，或许不是最完美的结局，但是最好的结局。我爱这群逗比
10,毛利小次郎,5星,2023/5/14 18:19,湖北,42,ComeAndGetYourLove在结尾再次响起时，我激动的快要叫出声来……
10,妙龄少年小卷子,5星,2023/5/26 13:33,内蒙古,41,观影三四天后，突然明白格鲁特最后一句台词，不是他会说别的字词，而是我们听懂了。感谢滚导。
10,芝士汉堡.,5星,2023/5/5 19:58,河南,28,【4.5】最爱的银护系列再翻卷一出情绪的狂潮，最爱的火箭浣熊再涌现一片绝迹的星辰，当情节与逻辑的刻画溃不成军，感性的蹂躏便凌驾于理性的评判之上，在滤镜的加持下一切都化为灿烂的缕缕柔光，在欢笑与泪水的洗礼中拾得了犹如昨日的感动，如野师傅所说的全员高光般各自成章，最终也都收束于火箭殒命与重生的爆轰，那不愿提及的疼痛撕掉一点儿一点儿结痂的伤口，那停驻回忆的老友却是梦魇牢笼唯一的钥匙，从那些触目惊心的过去看灰烬缔造的绝美天空，从那些岁月烙下的印记谱明日讴歌的传奇，毁灭是希望的重生，解散是自我的追寻，哪里有什么完美的世界，虚无到底不过末路亡魂，不完美才是真正的完美，你也是你故事的主角，再重聚我们炙热依旧……
10,纠结咪,3星,2023/5/11 11:56,浙江,18,rocket是真的不知道自己是racoon……这我真没想到。没有强行扭转卡魔拉成为卡魔拉还挺惊喜的，电影笑点简单轻松
10,Hoiiiiii,3星,2023/5/6 23:51,上海,20,家人们，把“爱与和平”打在公屏上，大团圆到不能更团圆的大团圆，在这里给大家拜个早年！
10,景朗-,5星,2023/5/11 10:54,辽宁,30,两处泪点，火箭出逃伙伴们死亡，火箭发现小浣熊们，确定自己是只浣熊，知道自己的来处。并选择拯救动物们。卡魔拉好飒，我喜欢！太酷了！而她也终于找到了属于自己的家人们。星云越来越讨喜了！全程配乐都好听，满分！打戏依旧震撼，等电脑能看了，再看！星爵好像瘦了，还是换发型了，比之前帅很多！而且结局卡魔拉没有选择和星爵在一起，这简直完美！
10,一只麦麦,4星,2023/5/5 22:34,北京,18,混乱+有趣，滚导的个人风格太强了，把过去几年憋的东西全释放出来了。这一部的故事基本游离于MCU之外，在银护的主线里也相对独立，讲的是一出“小浣熊复仇记”。场景、飞船、角色造型等视觉设计都很出挑，尤其某个机构的建筑内外全部由看起来像肉体、内脏、黏液之类的材质组成，也出现了断头、骷髅、巨怪、血肉模糊等非常cult的元素。片中充满了插科打诨、搞笑互怼的台词，毁灭者和螳螂妹CP感很足。走廊一镜到底的团队打斗戏很过瘾，不过打斗已经不是这个系列的重点，打斗也是为了风格，为了耍酷。音乐到了这一部简直肆无忌惮，命可以不要，随身听不能停。当《银护》系列的第一首歌、经典的旋律响起时，还是会有点感慨的，有点舍不得宇宙天团的故事就到这里结束了，希望以后还能有机会看到他们，不管是在什么时空、谁的故事里。
10,难以为继Quinn,2星,2023/5/7 16:48,四川,35,要么是我疯了，要么是漫威粉疯了
10,恶魔的步调,5星,2023/5/5 2:31,浙江,29,感官游戏、机械战警……生物有机体机械……这叫什么风格或流派来自，一时想不起来。又一个betterworld梗，mal样的那位绝对是选角印象加强。老男孩式长廊打斗长镜也完成的不错。
10,甘草披萨,3星,2023/5/5 21:45,上海,20,3.5完全是上世纪七、八十年代各路科幻恐怖cult片的超级大狂欢啊！尤其是向约翰卡朋特啊雷米啊他们的致意，也是向那个还没出现CG特效只能徒手制作出各种怪物们的美工师傅们的大型致敬片；各路埋梗也是超多了，比如特意提及“池塘”来谈人生，到底是导演的意思还是咱们池塘姑娘自己的提议呀，魔法特：谢谢惦记！如果是从第一集走到现在，这九年等于是看着一棵温暖的小树苗长成了健壮大树了；倾尽全力拯救一只小浣熊，顺便把爱与和平播撒到银河系用心良苦，几位成员们的关系似乎是因为同时都混合着爱情友情亲情而变得更加情比金坚，真美好呀；至于这时长这节奏，对非粉丝和非cult片口味的观众来说，兴许只好原谅滚导了，毕竟别人是剧情里插播金曲，他是金曲里插播剧情，白花花的版权费付都付了，肯定舍不得浪费的嘛
10,MerrieRobin,3星,2023/5/13 18:06,广东,15,亚当像一种“在剧本初期中强势加入但写着写着就不知道该怎么继续只能让他尴尬当银幕边角料然而电影很快就结束了这个角色的作用还没发挥啊那这样好了让奎尔做件没有必要的傻事让亚当来救他就好啦”的角色。还有为什么一个明明是术士的角色它的技能是横冲直撞，别和我说漫画里就是这样的，那只能说设计这角色的人从最开始就是傻比。
10,无聊是空,4星,2023/5/20 13:13,广东,1,这是告诉大家不要靠肾上腺素来解决问题吗？
10,天天想你,4星,2023/5/13 2:45,上海,32,许久未见的漫威味道，太让人怀念了，有那么一瞬间，我感觉都回来了。银护3教会我们，不是所有别离都是伤痛的，你可以像个傻子一样跳舞。
10,炽鸟,5星,2023/5/13 21:47,江苏,27,有时候为了一个懂你音乐品味的人确实值得拼上一切
10,Norloth,4星,2023/5/5 14:45,上海,22,比黑豹和蚁人好很多，算是比较圆满的结局了。喜欢一些群殴反派的情节…不过现在漫威反派都很差劲，十年前或许还有一些有魅力的疯子，现在只剩疯子了。
11,蔕,4星,2023/7/8 13:24,湖北,11,火箭的故事让人感伤。卡魔拉已经不在了，就算是不同时空的另一个她，那也不是她了。每个人都有自己的路，不同时间，不同际遇，不同命运，这就是生命。
11,101避难所,2星,2023/5/6 10:15,河南,36,真的只能给个情怀分了。反乌托邦命题作文，真的下头。整个人物都乱了，一个个都跟狂躁症一样，还有反派更是一个无厘头。。咱能不能别尬黑，他好歹一个老大，非得单独一人过去挑衅一个试验品浣熊干嘛？整个剧情推进都极其僵硬，像GPT写的剧本，150分钟如芒在背。最后俩彩蛋稍微好点。能感觉到古恩被之前推特的事整的怨气很重，这部完全就是一个里根孝子的意淫回忆录。
11,顗礼,3星,2023/5/6 10:11,加拿大,20,连扑那么多部后，大家的标准似乎已经到了“善终”就好的程度，也练就了用对人物本身的感情掩盖所有降智卖蠢的能力，所以看到这种兼具二者（既善终又有好人物）且能有额外附赠的作品当然会造成让人匪夷所思的口碑，其实也没什么难理解的。BTW最感动的时刻是一闪而过的勇度，他才是系列最佳的角色啊
11,青草、,4星,2023/8/13 11:33,上海,1,《银河护卫队3》又名《雷神4》
11,KayRosette,5星,2023/5/26 21:54,北京,29,火箭的故事也太好哭了，动物好可爱啊为什么要虐待它们！亚当术士一出场我就感觉不像反派，后面果然啊，没想到还是个搞笑男。演员小时候演纳尼亚传奇我就觉得他很有搞笑天分，现在进入银河护卫队一点毛病没有。一秒钟心疼给到大祭司。卡魔拉是回不来了，全片这个点刀了一遍又一遍，经历了这么多的星爵是挺坚强的了，演得也特别好，我在银幕前面看到他的表情都很想哭，离他而去的人太多了。但整个，还是很好看的！就是有点掉san，傲格集团总部和那些被制造出来的生物还有最后至高进化的脸都看得我脑袋疼，每次看见星爵这张正常人类的脸都觉得是在净化心灵，以至于看到最后竟然觉得星爵帅了！果然是全靠同行衬托good，期待下一部！
11,梦旅人阿白,5星,2023/5/6 16:19,福建,32,好久没看这么好看的漫威电影了
11,EAZIN,5星,2023/5/8 13:07,上海,26,第一反应是漫威影史最佳
11,AAA二流观众,4星,2023/5/7 23:07,北京,7,回过神来才发现，自己竟然上了片尾的SPECIALTHANKS，而且还是排在第一位�这算是大银幕首秀了吧？
11,桃有黑眼圈�,5星,2023/5/5 19:59,山西,15,非常符合我喜好的真善美故事➕风格统一的三部曲情怀牌�在影院抹着眼泪激情打五星！让“低等生物”搭上诺亚方舟的小火箭，被朋友们改变的星云，最能共情他人却从未寻找自己的螳螂女，被赋予第二次机会加入银护的adam，虽然未能和“卡魔拉”再续前缘而是回到地球上找姥爷的星爵，还有一闪而过的勇度，每个角色都讨人喜欢，都是被爱着的存在。
11,mdr skywalker,5星,2023/5/6 0:46,江苏,22,滚导用独立于主宇宙规划的一部《银河护卫队3》为系列画上了完美的句号，风格继续继承前两部的沙雕风+劲歌金曲，围绕火箭浣熊展开主线故事，推进过程穿插悲惨前史，看的非常纠心，也贡献了至高进化这个相对有血有肉的反派。成员间的情感联结更加紧密，更多的是胜似伐木累的动人情谊，每个角色都精心设计了高光时刻，其中星云的成长线最让我惊艳，回归的卡魔拉演出了与前作完全不一样的性格。滚导也在收官作带来了最大规模的动作戏和视觉盛宴，想象力与恶趣味齐飞，最后走廊一镜到底的大决战拍的血肉横飞，调度一流，不少造型设计cult感十足，把B级趣味成功融合到A级大制作中。结尾处理非常克制，离别终有时，用劲歌热舞冲淡伤感。《银河护卫队》是漫威电影宇宙浓墨重彩的一笔，感谢滚导还记得那份初心和真诚，剧照彩蛋真泪目了。（9.5/10）
11,望好鱼,2星,2023/5/7 22:12,四川,29,剧作太烂了，毫无诚意的拼凑感。演员身材管理集体垮掉，曾经独树一帜的幽默话唠变成全员咆哮帝，真想给他们人手一盒金嗓子。音效吵得哦捂住耳朵。只有美术和特效可以给高分。
11,陈宗浩,4星,2023/5/6 17:42,北京,20,作为漫威第五阶段一部电影都没看的人来说看到这个评分一出来我就果断买票直奔电影院了。滚导虽然不能说有什么文艺追求，但他拍的群戏商业电影就是当前世界上最好的之一，能给一个在漫画里连二线都没有的团队一个三部曲并完美收尾已经是相当了不得的事情了其实冷静之后感觉电影拍得还是比较套路的，漫威反派偏弱的毛病直到现在也没改正，甚至我觉得如果不是剧情需要这部电影根本就不需要个正经的反派，光是给每个成员一个结局就已经要耗费大量的时长了，好在完成度还是相当高的，最后基本上是圆满落幕了，每一个人都有自己的使命和任务，这就很好了我不会尬吹他是什么最佳，但确实是一部很不错的作品，作为对上一个十年还有情怀的影迷来说值得多刷，在最后火箭浣熊一按下播放键我就知道第一部的经典歌曲又要出来了，搞情怀还得是你啊，滚导
11,河马,1星,2023/5/26 11:49,上海,26,胡编乱造，又长又臭的缝合怪，想象力都用在让人生理不适的各种造型上了…这8.4不知道咋打出来的，yue…
11,原则xi,2星,2023/5/5 9:40,上海,51,无节制的、生硬的闪回、自我感动和蠢蛋搞怪秀，用到系列终章已经足够乏味了，同样登峰造极的还有种族清洗事业。
11,幼银,4星,2023/5/7 19:36,上海,24,怎么会有人不爱毛绒绒的小浣熊呢幼年火箭真是可爱到我尖叫爆炸
11,老怪CXJ,5星,2023/5/3 5:42,北京,35,关于“火箭”回忆录、拯救和重聚。相对前两部詹姆斯·古恩把自己的恶趣味与温情传递得最好的一次，各方面都很克制且平衡，从有机体肉状空间站到“反地球”上的动物与人性结合的改造体都充斥着古恩早期作品的影子，把《和平使者》的Clemson拉来当作反派，真是毫不意外。在玩了自己《撕裂人》的同时还玩了不少经典科幻，如：《机械战警》《人工智能》《黑衣人》《第五元素》《感官游戏》《恐龙战队》等等。灭除掉偏激者和不动脑子的蠢货世界会变美好吗？并不会！不过，好在还有好音乐与好朋友的陪伴才可以让这个操蛋的世界相对而言更美好！感动的收尾，还挺舍不得。�#4月28日北京首映礼#
11,Morning,5星,2023/5/10 23:49,北京,12,四星。银护系列集大成之作，当年银护横空出世，一改钢铁侠和美国队长领导的经典大气风格，以一己之力掀起了漫威中话痨式幽默风暴，这诚然是一种商业片的写法，但十年后它锤炼出新的意义，每个人物形象都是片面，只说自己要说的话，但他们组合在一起就是连接了爱，交流被写出新的促使丰满的含义，美术风格上也是有特色且精致，每个场景的设计到细节的执行都很细腻，比如一开始滑过镜前披在群演身上的那块毛毯最后又披在了亚当术士的身上。它就是这样，可以熔欢笑与悲伤于一炉，正派也可以大骂愚蠢反派就是逞口舌之强，当然最后的解救缔造了奇观，银河护卫队创造了新的诺亚方舟，那些生命获得了毁灭里的新生，我喜欢这部电影，因为他们从来没有放弃过拯救彼此和自己，仰望星空，我见过银河，是未来或者过去的某个自己的版本，没有被无情的生命进化所替代。
11,苏妄言,5星,2023/5/6 22:13,云南,44,还得是滚导，完美的结局。如果星爵跟卡魔拉最后在一起我肯定当场骂街了。
11,ROXO,3星,2023/5/17 4:29,福建,24,漫威的尿性�等了3分钟片尾曲彩蛋就给我来一句“传奇的星爵终将会回归”……
11,薇羅尼卡,4星,2023/5/5 17:12,广东,19,《复联4》之后最好看的漫威！虽然内核是我们熟悉的“weare伐木累”，谁让范·迪塞尔有出演呢，哈哈哈哈。但是真的感动，不知道为啥，可能是年纪大了吧，看到片尾前两部的剧照都感动的不行那种。反正推荐去看IMAX，买不了吃亏买不了上当，银护系列我还能再看下一个十年！
12,不良生,3星,2023/5/12 18:08,江苏,7,以前认识一个男孩，在小城最后那些年，是一份让人觉得喜悦的友谊存在。我们一起去电影院看漫威，那阵子觉得漫威系列还挺有意思。后来我离开小城，他和妻儿一直生活在那里，渐行渐远渐无书。我对漫威短暂的兴趣永远留在了那时。或许本来我就并不喜欢这类电影，只是刚好当时一起看的人是令人欢喜的人吧。
12,Amelia.,1星,2023/5/5 15:59,浙江,46,男主可以去死不
12,热忱这般,5星,2023/5/5 22:06,上海,39,自己和队友，总有一个正在丢。永远在救人的路上。
12,小于稣牧,3星,2023/5/7 12:01,河北,20,越来越不好看了……超英电影需要进步啊，不能总是原地踏步走。全程并没有太触动的地方，都是套路。
12,草威,4星,2023/5/7 16:46,北京,12,挺好看的，但是那个关浣熊的笼子窟窿实在太大了。。这还用刷卡越狱吗？
12,蚂蚁没问题,4星,2023/5/7 11:54,河北,16,特别人文特别动保，小动物和小孩确实是我死穴，没法子，火箭当然是最好最厉害的银河护卫队成员
12,曾良君,5星,2023/5/16 0:31,江苏,19,火箭和朋友们的故事眼泪狂流，一起冒险的银护朋友们也要踏上各自新的人生旅程了，想来人生总有分道扬镳的那一刻。
12,Bueno�,3星,2023/5/14 22:33,江苏,16,3.5感觉银河系已经没有大事了，随便进化，毁灭，重生。然后流行音乐用太多了，好多次我都想关掉音乐，如果我可以的话。
12,免贵姓人鱼,5星,2023/5/6 17:00,江苏,36,我不管别人怎么说，我就喜欢这种讲family的片。配乐没有不如第一部啦，还是那种乡村摇滚的风格，配挺好。最喜欢看他们打架，爽极了～然后就是流了不少眼泪，喜欢小动物的人受不了～银护是唯一复联结束后我还惦记的系列了，我觉得再有我还会看。
12,反派,3星,2023/6/5 19:14,上海,11,故事讲的不错，但是反派太弱了，大战太小儿科了，超英电影的反派没落了
12,_aryl,3星,2023/5/6 14:09,北京,16,开头配不插电版的creep很棒
12,lan,3星,2023/7/16 13:56,广东,9,3.5。工业电影的成熟作品，肯定不难看，出了就会看，看了也会忘，忘了又有的看了
12,LWT的坟墓,4星,2023/5/6 1:16,江苏,31,本来对银河护卫队不怎么感冒但这部远超前两部充分展现了银河护卫队的精神内核（浪漫、激情、悲剧底色）对各个角色都进行了进一步塑造眼眶湿了好几次站在宇宙中心呼唤爱的命题永不过时。（戴着锈迹斑斑的义肢的纯真小动物在黑暗牢笼中玩耍这种情景简直是噩梦中的噩梦�）观众氛围极好情怀可打五星
12,鬼腳七,4星,2023/5/4 10:19,北京,28,三部曲还是挺保持统一的，银河护卫队成员都得死爸爸，亚当没爸爸那也得牺牲个妈。还是给了离场&重开一个非常完美的转折，这部分情怀甚至可以让人忽略至高进化这个史上最没地位的反派的存在（哪个反派boss会被手下人用枪指啊，丢脸），三星半，主要问题还是亚当那部分太仓促了
12,老陈旧事,4星,2023/5/21 22:32,贵州,14,我很喜欢关于卡魔拉的结局真的是对爱情的尊重滚导真的很会真的是一次很好的告别尤其是银护一第一首歌一响起来我就回倒了八年前可以说银护是我最喜欢的marvel系列吧没烂尾真的谢谢
12,Christopher R,2星,2023/5/5 20:41,广东,22,各个角色都很可爱，尤其是术士，太萌了，最后救星爵的时候竟然很好磕这对cp啊hhhhhhh，新的银河护卫队感觉更吸引人啊，每个人的能力区别很大又很有意思，小女孩手上发蓝光是什么能力？想知道！但剧情真的稀巴烂，每个人的武力值飘忽不断，反派更是一言难尽。现在都没人认真讲故事了吗？
12,有心打扰,3星,2023/5/6 2:35,福建,11,1.为加强银河生物保护，加强社会关爱低能人士，提高环保理念，银河护卫队再次展开一系列行动，最终取得相当不错的成果；2.食之无味，弃之完全不可惜的作品，两个半小时的无聊故事，毫无惊喜，几近煎熬程度；3.只有两三场动作戏勉强能看，就这样吧，复联4后最佳？就这？？
12,ReMinD,3星,2023/7/5 0:06,新加坡,13,怎么大家都评价那么高被漫威拉低底线了么。我感觉就是假摇假摆的样子货。混乱且无序。不至于有那么一面倒的好评。
12,嘎嘎pp,5星,2023/5/6 1:05,江苏,41,让我活在银护宇宙里。
12,Donuts�️,3星,2023/5/14 23:18,北京,10,一些令人羡慕的美式大傻子……
13,just,3星,2023/5/12 22:55,黑龙江,13,真的太一般了，低幼，脸谱化，惯用反差萌就不萌了，强行制造和谐社会，强行合家欢，音乐我也并不喜欢。已经完全忘了好多人物，几乎想不起了2的情节。只有火箭和格鲁普才是这个系列的亮点。
13,oDD-O-o,5星,2023/5/5 17:07,北京,14,不仅仅是完美的落幕，也是一则生态寓言。至高进化对生命的肆意控制与创造令他与灭霸一样被视为是生态法西斯主义者。第三幕银河护卫队的拯救行动在一开始只针对于高等生物，但火箭对其他物种的拯救意味着任何生命都有其生存的权利。而这种尊重每一个个体的价值观也让银河护卫队的解散有了更深层次的意义。每一位成员都在追寻个人意义的道路上充分发挥出自己的价值。詹姆斯•古恩延续了他在DC《X特遣队》中就进行过的生态表达，足以证明他是一位在好莱坞类型片领域都足够优秀的真正电影“作者”。
13,冬瓜,3星,2023/5/12 23:12,浙江,13,除了火箭熊的回忆部分，其余的还是一贯漫威的尴聊尴笑，那个有点恶心的公司总部还有里面奇形怪状的人物服侍，还有那个反地球上的生物令人很反感。要不是回忆➕一星，本身只值二星
13,Rábano,5星,2023/5/5 19:40,安徽,16,导演了解每一个角色，珍惜每一个角色，才是成功的关键。不玩梗，这次真的是“有笑有泪，漫威最佳”
13,wise,5星,2023/7/27 22:03,江苏,15,非常后悔没有去电影院看，非常喜欢这个系列每一部。
13,Kea,1星,2023/5/7 21:31,江苏,34,吵闹、丑陋、简单、烂俗……两个小时的Mv，漫威你行不行？不行别拍了，浪费我时间。
13,忧国的cxk,5星,2023/5/6 23:01,广东,18,是我喜欢的漫威，没有生硬的重新集合，大家各奔自己所向往的地方，星爵也释怀了，螳螂女的女性独立意识也觉醒，星爵差点因为捡卡带而死去，浣熊经历蜕变懂得责任与善良，卡魔拉过上没有星爵的生活。一首一首的老歌放过，两个半小时转瞬即逝，虽说影片还有很多缺陷，但确实是这几年漫威最棒的，纪念我将近思四年来第一次在电影院看漫威，五星因为我的喜欢和开心。
13,不眠飞行,1星,2023/5/14 9:07,河北,29,这个破玩意7分到头了，8.5分搞笑呢，刷子们做个人吧
13,诸葛若见,4星,2023/5/11 20:15,北京,5,火箭本来很温顺，因为朋友们被伤害变得暴躁。火箭不喜欢别人叫他浣熊，但最后拯救小浣熊们。星爵离开地球很久，决定回去找外公，他们都与从前的自己和解了。最好看的一部银护，观众们听懂了格鲁特，因为大家都成了银河护卫队。
13,猪头妖怪,2星,2023/5/9 1:24,新加坡,11,这个故事吧，别说结构了，连质地都没了。剩下的全是肤浅而空洞、廉价且粗糙的煽情，而且其中一半的煽情还是靠的音乐。本来就已经挺难看的了，还拖泥带水拍了150分钟。于是就更难看了。
13,雾都一枝花儿,4星,2023/5/3 15:03,重庆,47,#2023.04.28北京首映礼#的确是近几年最好的漫威电影，制作水准在线，故事结构流畅自然，每个角色都有高光时刻。终结篇把“爱”这个主题贯穿始终。往大了说，这一部是对星球文明、生命个体的尊重和坚守，是对集体英雄主义的热血推崇。但跟“大爱”相比，更加打动人的是所谓的“小爱”：奋不顾身破除重重困难也要拯救的朋友，互相嫌弃又惺惺相惜的战友，无法重来只能释怀的恋爱……一群“奇怪”生命体组成的银河护卫队，当他们聚在一起时，这些细碎的故事才有了意义。相聚是人生难能可贵的时刻，分别才是常态。感谢银河护卫队近十年的陪伴❤️Ps.《ComeAndGetYourLove》战歌一响，可以开始哭了！
13,“∞”,5星,2023/5/5 12:30,四川,24,银护还是那个银护，欢乐友情趣味自由以及感动，滚导的音乐和画面审美太好了，爱死这帮怪胎了，确实是复联四后最佳漫威电影，作为三部曲收官作的结局太棒了。
13,后自愈,3星,2023/5/12 21:36,北京,18,银河护卫队也称为全队吐狼奶，三部曲每部的母题都是弑父。妇联4解决了大爹，又来一个低配的小爹，在与爹的作战中寻找自我，这是全球共通的精神疾病。
13,慕容复,5星,2023/5/7 15:34,黑龙江,8,终于又有一部值得一看的漫威电影，竟然让我有了一丝感动
13,痴子,1星,2023/5/8 20:30,天津,39,曾经看复联4泣不成声的我没想到有一天看漫威会直接在电影院睡着。睡醒透气的时候想着看看豆瓣评分，我估计也就4分最多了，没想到8.5。我不懂你们有什么情怀能把这样一个剧情俗套、插科打诨全是冷笑话、反派人设跟智障一样的电影打出这么高的分。我本来已经卸载豆瓣了，越想越不爽，又下载回来，这么烂的电影必须喷完再卸。漫威已死，至少在我心中死了。
13,木大七,3星,2023/8/4 13:46,上海,11,漫威过敏了已经号称近几年最好的漫威电影还是看的没什么感觉这个系列还是一如既往的反派boss战力崩盘智力低下
13,焱返,5星,2023/5/14 0:49,福建,9,我想我喜欢星爵的原因就是因为他是个为了捡mp4差点死了的傻逼，他依然是那个因为老婆死了暴打老婆失败的爹害世界遭大难的傻逼，在所有压力到来的时刻，他选择的永远是爱的人们而不是自己和世界，整个银护多少都是这种作风，这部的行动理由整个就是没有什么意义，只是因为我们是家人就要杀穿宇宙就要救，而这其中，是人性的弱点，就是人性的光辉。第三部，认识自我，接纳自我，你是你故事的主角。四个小动物望着天花板，因为背景的邪恶，使得这种单纯非常动人，以及和小小浣熊碰鼻子，正视自己曾经就是那个幼小脆弱什么也不是的小浣熊，真正的解脱来自于透视痛苦而不是忽视痛苦。再给卡魔拉一次机会，她还是会爱星爵，因为她还是爱傻逼，但是认识自我就是要自己完成的，即使别人告诉你比你更懂你，也是要像螳螂女那样“面对恐惧”且“我有能力”。
13,Joe Joel,5星,2023/5/15 21:53,北京,24,在漫威四阶段几乎集体摆烂的情况下，衬托着这样一部正常水平的银护3都显得格外好看起来。这个分数很难客观，就连我也因为最后的"Comeandgetyourlove"而忍不住多给一星。滚导还是懂煽情的，这种煽情不是把音乐情绪架在那边，或者让角色悲壮的死掉，然后在你耳边逼逼赖赖的说，你快给我哭。这种煽情是那样一场大战结束后，所有高冷的，奇葩的，不和谐的生物突然变成一个大集体，在欢乐的音乐下翩然起舞，让你一边感叹真好，一边掉下眼泪。作为三部曲的完结篇，真好。
13,乌鸦火堂,4星,2023/5/8 20:02,北京,17,复联4之后最好的漫威电影，故事依旧是常规水准，但情节优秀，人设鲜明，太空歌剧的浪漫与冒险情怀融合，让电影娱乐性非常高调，最出色的是视觉奇观和音乐，《银护》永远系列是MCU的视听标杆。个人最喜欢的是脑洞大开的视觉风格，萌宠与恶趣味相互交织，尤其是赛博格艺术，包括血肉组成的有机星球、形态各异的生化改造人，有当年玩《雷神之锤》的感觉（有机星球绝对是quake4里Strogg的血肉工厂）。看完之后感慨万千啊，以恶趣味著称的特罗马公司出身的滚导，自从加盟漫威之后，使得恐怖片领域失去一位伟大的导演，如今漫威也失去了他。
13,Tan90°,5星,2023/5/6 22:48,广东,35,到最后，德拉克斯终于挪动了他那双世界上最美的旋律响起也不愿舞动的双腿。
14,西瓜的棱角,5星,2023/5/12 2:05,广东,13,四年啦，你知道我等一部像样的漫威电影等了多久吗
14,seven is,5星,2023/5/19 18:10,河北,34,复联四以后最好的漫威
14,乜乜™,5星,2023/5/5 23:51,江苏,15,(170804：第一部看哭，第二部看哭。第三部我就30岁了，不知道还会不会看哭呢。)当年鬼知道会因为疫情时至今日才上映。我果然两顿爆哭，对毛茸茸的小动物怎么会有抵抗力呢？人类亲情一脸冷漠。最后一首竟然用了DOGDAYSAREOVER啊啊啊鬼知道我当年单曲循环了多久歌词鼓舞我多少呜呜呜
14,DOUBLELEMINT,5星,2023/5/8 20:08,重庆,29,我不管我就是要打五星�
14,高詩遠,4星,2023/5/10 12:23,北京,4,还挺惊喜的，听过开头的Creep和结尾的DogDaysAreOver，终于开始和这个系列稍微有那么一点connection。整部片子像是火箭浣熊的传记，用它的眼睛做了一次时空转场，以其经历为主线，走过实验品的一生，不过最终落点还是在男主Peter的自我追寻之路上。亲情、友情和爱情在这一部达到了高度的融合，以对浣熊的友情打底，围绕着Peter与Gamora、Drax与Mantis的爱情，Peter对母亲以及Drax对女儿的亲情，甚至工具人Adam都有一场与他母亲的情感大戏。结果多是失去，十年前的漫威带给观众圆满，现在也是时候教会观众放手。有的场面调度很漂亮，影片后半部分有一段丢手长镜头加升格的混战，Adam营救Peter也呼应了《创世纪》。无奈的是反派太弱，这个角色根本没有发挥空间。
14,皮皮鸦,4星,2023/5/5 16:43,四川,23,3.9这才是真·家人侠！隔壁“格鲁特”自己搞的family是个啥啊(狗头)...算是漫威最稳的三部曲了滚导有才必须得认作为完结篇格外走心漫威电影中难得的感情戏比动作戏和视觉出色主讲家人反派这次不重要不为电影宇宙服务的作品才更可能是好的漫威电影而非现阶段的各种大型预告尽管大家不期待DC新宇宙不过凭滚导的能力还真蛮好奇新DC
14,➕,5星,2023/5/15 10:26,广东,24,上一次看到这么爽的长镜头打斗，还是《王牌特工》，真特么带感了！卡魔拉和星爵没有在一起，这个处理方式我非常喜欢。
14,Panda的影音,5星,2023/5/8 13:20,福建,8,1.第一部就偏爱的火箭浣熊成了第三部真正的主角，开心！2.我的最大泪点是莱拉死亡后小火箭浣熊大声痛哭的段落，伤心！3.由此更确定《银河护卫队》是漫威电影宇宙里我至今依然最喜爱的系列！4.在国内的大银幕上看到假不正经的男男搞笑戏份有点意外惊喜！5.上午MX4D版，下午IMAX3D版，挺久没一天之内观看两遍同一部电影了。
14,安心,5星,2023/5/7 2:03,广东,34,套路也可以拍得很好看，英雄电影的终章也可以不用死光。每个人都有自己特别的地方，朋友相处也会有摩擦和容忍，聚散离合是会有些遗憾但这就是人生啊！最后没有大家拥抱着落幕而是各奔东西去追寻自己想要的生活，简直升华！ps谁能不爱上我们火箭熊熊！想摸摸它的湿鼻头！
14,Ocap,3星,2023/5/8 1:44,广东,8,可以想象，如果不是MCU的功能性规划和拍一部想一部的节奏，还能是一个更好的三部曲（没有说MCU不好的意思，电影宇宙和单体系列的好本来就存在互斥的部分），至少不用等第三部再铺这么生硬的闪回，以及这么刻意的OVA式重心移位。对如今的漫威来说，最出色的其实反而是最表面的特效、美术和妆造质感，明显看出古恩对视觉呈现的坚定与用心远超他人。口碑和舆论还是太热衷于大起大落，我觉得这部无论完整性还是五味情绪的拿捏上都不如第二部，《复联4》后漫威最佳是《黑豹2》，《奇异博士2》也挺好，《永恒族》比第一阶段的很多第一部都有趣。
14,第七大陸,4星,2023/5/5 16:38,北京,8,无比聪明的做法，让浣熊火箭当主角，宫城回忆录一般的叙事走向，狗狗可爱，浣熊可爱，撕脸皮骷髅头大特写真的惊到了。
14,方枪枪,3星,2023/5/6 14:12,上海,10,依旧延续该系列一贯的风格特色，劲歌金曲，尬舞打斗，逗比天团惩恶扬善，只不过故事更聚焦于火箭浣熊的身世之谜……主题则回归于家人般的团队友情。整体平淡，缺乏惊喜，说实在的，这8.6的开分在我看来属实有点夸张。7.5分吧
14,Parallax...,3星,2023/5/5 21:14,北京,13,包含了家的概念，以及存在(being)的主题，但没有深入，着力点是煽情，是情感与情绪。几个场面与长镜头让人眼前一亮。视觉特效和金曲串烧依旧是不含糊和排到满。对影片的整体观感、评价和爱需要有前作的情感基础。
14,T.V.Zoe ி,3星,2023/5/3 18:04,上海,24,最看不上的那种卖情怀，但是被卖到了�sinceyoubeengone出来才对味，第一个彩蛋终于comeandgetyourlove，竟然也催泪。
14,鸡儿梆梆硬,3星,2023/5/8 0:31,上海,17,三星给小浣熊和它的朋友们。配乐nice。
14,小莫莫呀呀,5星,2023/5/7 17:21,重庆,20,完美的谢幕！happyending！火箭，浣熊，生而不幸，那一段回忆我可以称之为封神，那一段爪子戏的感染力和画面张力之强让我汗毛直立，压抑的极端的愤怒和不甘，怎让人不封闭自身，苦难造就火箭，外表的刻薄下藏着对世界的恶意，几段回忆太过精彩，在我这已经封神了。150分钟，后半段的情节紧凑刺激不知不觉就看完了，教科书式的漫威。
14,壹安²,5星,2023/5/5 3:11,北京,19,Whatever，银河永远需要护卫队！
14,牛奶很忙,4星,2023/5/3 17:56,山东,29,有笑有泪，又酷又累，娱乐搭台，情怀唱戏，漫画品味，B级趣味，土味摇滚，长镜打戏，难民危机，动保教育，漫威最佳，没啥争议
14,妮可Gay得慢,4星,2023/5/6 22:28,广东,5,依然是漫威最佳系列但这部是系列最差dogdaysareover再次焕发生命力伟大的歌曲
14,TouMing柜子,1星,2023/5/6 17:34,吉林,14,对个体特质的剥削与冷笑话的滥用，还以为蔓薇进步了，到头来不过还是在苦苦维护星爵这种男小丑的人物弧光。最好笑的是那句拉了皮的RoboCop
15,马猴烧酒,4星,2023/5/6 22:16,江苏,4,3年后的groot你好，不知道再见面的时候，我身边的人还是不是看2的那个。3年后的groot你好，再见面的时候，我身边的人还是看2的那个
15,炎さま,4星,2023/5/14 15:03,江苏,16,等了嘎久就听他嚼麦片
15,孔府小鱼,4星,2023/5/5 23:29,河北,12,实话实说，这部堪称漫威第三阶段结束之后最大的回光返照，詹姆斯滚的发挥是真稳定，节奏、剧情内核、动作场景还有音乐，极其正常地发神经病，毫不脱线地完全脱线。但凡两个罗素加在一起有詹姆斯滚一半的脑子，《复联三四》就不会垮到榨干了漫威后十年大运，银河护卫队被罗素那哥俩坑成那个熊样，男主ooc挨骂，女主直接写死，这都能写回来再升华一下，咱就说啥叫人比人该死。
15,人类学科研究员,5星,2023/5/5 21:38,上海,5,可太好看了呀！好喜欢这个钻牛角尖的大反派呀，还有金色boy冲冲冲没脑子也喜欢，主角团常规发挥，卡魔拉没和星爵在一起明智之举。
15,Riobluemoon,5星,2023/5/11 22:01,上海,20,8分。漫威总算又拿出了部质量上乘的作品。作为系列的终结篇，故事，人物，情怀都给安排上了，连动物保护都插了一杠哎？每个人物都有自己的高光时刻，却又不喧宾夺主，完成度高得惊人。几场重头戏让人印象深刻，最终并没有选择人物去世这种屡试不爽的煽情桥段，而是给了个圆满却又带着遗憾的结局，绝对打动人心。星爵和卡莫拉的CP以这样各自安好来收尾，比破镜重圆来的更好。而且本作还是近年来少有的考虑3D的作品，几场主视角镜头看的很HIGH~~JamesGunn作为导演的水准真实没得说。接下来就看他掌门的能力了，是不是真的能把如今颓废不堪的DC拉出泥沼呢？
15,萌发奇想,4星,2023/5/5 19:34,北京,14,这个系列可以说是划上一个无限接近于完美的句点了，银护最大的特点就是他不是只凸显一个超级英雄的成长而是一个团体，每个角色独立完整有魅力，又汇聚成一个暖心又逗比的一个大家庭。这次火箭也赚足了我的眼泪，没人不喜欢又酷又可爱又坚强的小浣熊。银护的大家最后似乎分开了，有着各自的选择，但心又永远在一起的感觉。第一个彩蛋当那首ComeAndGetYourLove响起时，就看见整个影厅里观众齐刷刷的随着音乐开始摇头晃脑开心不已的样子真是笑死�当然我也是其中之一！！！PS.特意选的IMAX-2D，观影体验更佳！
15,Gordon,4星,2023/5/5 23:11,江苏,10,3.5滚导留给漫威的不仅是一个极具个人风格、镜头调度和配乐十分出色的三部曲，还有一种在漫威系电影里新的叙事结构的可能性。团队型超英电影本就不可避免出现配角人气和存在感过低的问题，更何况银护的IP影响力远不及准备回归的神奇四侠和X战警。但滚导用大篇幅的记忆闪回和反乌托邦的强硬姿态给这个系列注入最后的深度和血肉，以迎接即将到来的传承和人气角色出走的挑战。但是快慢频繁交替的节奏看得实在是挺累，强行塞进来的和雷神4如出一辙的幼稚戏码实在让人尬的抠脚，漫威是真想把风格往儿童乐园方向靠啊。
15,榎本鲸,5星,2023/5/13 19:24,山西,23,宇宙中的老友记，珍贵的情谊有时并不需要一个大团圆结局，漫威真的把所有的纯真都献给了这个系列。
15,黑羊方,4星,2023/5/8 6:31,法国,25,玩归玩，闹归闹，滚导拍故事真的很有一套。这是明晃晃地告诉大家，复联4是可以有另外一种结局的。结束一个系列不需要剧情杀也可以赚足眼泪。我算是真的学到了，这种在各自的世界里安好真的比剧情杀还要后劲大。这种好像be了但其实还是he而且还有tobecontinued但就是总想哭的感觉，滚导抓得死死的。以及在飞船隧道里的群角打戏，复联4之后最佳，没有之一，我封的。你就能感觉到滚导对这系列所有（真的是所有）角色的爱，每一个都有自己的高光时刻。
15,河,4星,2023/5/24 16:49,北京,17,我汪汪大哭别欺负毛茸茸的小动物啊(ಥ_ಥ)
15,阿占,5星,2023/5/13 17:23,湖南,24,看得我眼泪汪汪的，我有多恨复联4的结局，就有多爱银护3的结局
15,南悠一,2星,2023/5/9 13:37,北京,15,太尴尬了，音乐总是选准了时机出来打断观众的情绪。为了编剧而编剧，人物设定不够自然。叙事越到后面就越失去效果。
15,安初,5星,2023/6/5 21:33,上海,18,火箭和朋友那段我哭的稀里哗啦的
15,ふうりん犬�,5星,2023/5/7 21:47,黑龙江,16,尽管我抱着高期望去看，但还是很满意。不只是因为我喜欢的火箭更加的丰满了，还是因为这次的剧本能明显的体会到滚导的用心，他绞尽脑汁地给每个角色都找到了属于他们自己的最好归属。并且银护三是当今很难的的那种爽片，爽在纯粹变态的，想把他凌迟的反派，爽在受尽苦难的火箭最后用最帅的方式完成了复仇。并且滚导在影片里插入了更多的个人表达，他在影片里也制作了几幕类似扎导的镜头，仿佛在说“这没什么大不了的”。从火箭的诞生上我也能窥见一丝和人的共性，我们都是被创造出的，关键点不在于怎么创造，过程如何，关键在于创造者的意愿，“我想要个孩子”“我想创造完美生物”我们的意识都是从完全被掌控中绽放的。在我的视角中火箭比漫威之前所有的人物都要丰满，包括钢铁侠。珍惜他吧，别等到滚导也离开漫改电影的时候再怀念他，他不比谁差。
15,发条J,3星,2023/7/8 21:16,广西,5,非常一般，滚导一定觉得自己音乐品味非常高一直插入音乐，闹哄哄两下又没有了，非常不搭也非常疲劳，腻味得不得了流水线套路作品。
15,玛德琳,4星,2023/5/8 20:29,湖南,15,相当完美的落幕，听懂了格鲁特语言的我们终于成为了银河护卫队的一员。
15,CeCi,4星,2023/5/14 21:06,北京,14,套路虽然套路，但不算太蠢，能对得起爆米花。中年发福男永远都能做男主，而女性永远要求线条优美，真是啧啧啧
15,一條魚佔滿了河,3星,2023/5/8 23:06,北京,5,這是一部還算成功的《火箭傳》，隨著一段段死亡回憶，拼湊出一個完整又豐滿的火箭，至高進化讓我想到了UKnowWho，傲慢、瘋狂、自私、愚蠢，一旦代入之後愈發對他的的所作所為感到憤怒，被改造、被輕視、被犧牲的不只是動物，而是一個又一個活生生的年輕人啊！這是一部不算成功的《銀河護衛隊3》，即便成團、加入新成員、成員更新換代也能夠勉強構成一個結構，不過沒有以星爵的家庭觀念作為主線，還是就造成三部曲的故事內核不夠連貫。娛樂性上還是給了我很大的滿足，依舊是十分滾導式的笑料，並且還融入了一些B級片元素，動作設計和鏡頭設計更是可以列入漫威前五，雖然但是，好幾場戲的節奏真的太拖了，有種唯恐觀眾看不出來在埋梗煽情的感覺。
15,开了一朵花,5星,2023/5/5 20:23,福建,6,好看！有人拍出这种电影，这辈子很值了。色彩，音乐，故事，幽默，点到为止的大道理，都在酷炫的想象力里炸开了律动十足又五彩斑斓花。真诚是必杀技，这是星爵践行的，但只和值得的人。
15,野凡,4星,2023/5/6 12:07,上海,13,风格独树一帜的漫威电影，游离于漫威宇宙的边缘。从高中到大学再到而今，已近十年，银河护卫队的水准始终如一，嬉笑怒骂予人感动。或许下一次再见面，他们将沦为他人主角电影的镶边角色，成为别人的彩蛋。但在这一部电影中，他们每一个人都是主角，都有着成功的刻画与立体的形象。不可否认，滚导是爱他们的，珍惜他们中的每一个人。一名有追求的导演大多喜欢炫点技，喜欢炫技的导演总会想着整一段长镜头。剧情中隐藏的各式小彩蛋，陡然勾起回忆的经典音乐。爱人已逝，家人常在。人们有各自的追求与心愿。一路顺风，仍然挂念，WeareGroot！
16,影沫,4星,2023/5/6 8:31,冰岛,7,还可以的，虽然整体表现中规中矩，但也没啥特别明显的雷点。
16,少年高,3星,2023/5/18 8:53,湖北,9,公司组织减压活动，拒绝西化的老党支部书记还是坚持听完了Raiohead-Creep。
16,查無此人,3星,2023/6/4 0:05,英国,6,四個小動物躺在地上說自己的名字是我這幾年哭得最兇的片段
16,漫漫云端,4星,2023/7/29 16:25,广东,4,但凡反派大BOSS少爱点人类都不会有这一系列糟心事儿格鲁特还是那么又萌又强火箭小时候属于萌强惨结局螳螂女带着三只大嘴怪闯江湖去了卡魔拉终究没有留下她也有她的"家人"了彼得不在逃避回地球陪家人了只能说平行世界有一天总会银河再见
16,燕鱼不秃头,4星,2023/5/9 18:57,北京,1,看完只想马上重温第一第二部！刚开始觉得「啊好无聊怎么又是这套」，后面越看越有趣了，每个人都有出彩的高光时刻，配乐也一如既往精彩。看到最后，《comeandgetyourlove》再次响起，而失去的爱人没有归来，相爱的朋友终会分散，居然有点点惆怅�
16,蛋花酱,5星,2023/5/18 21:14,浙江,24,水准一直在线，bgm完美的不可思议，火箭�终于真实面对自己和直面恐惧，本年度好片就是你了
16,少年锦时,5星,2023/7/22 17:40,江苏,13,一代银河护卫队的告别演出，每个人都有自己的高光时刻，通过对火箭浣熊过往的回忆来串联整个故事，漫威近年来为数不多的好作品。
16,雪粒☂sherry,5星,2023/5/7 2:04,广东,3,每个人都脑回路清奇，但又很好的（拳打脚踢）生活在一起�是俺向往的世界了！狗狗是最好的狗狗火箭是最好的小浣熊！！
16,约翰迈克莱恩,5星,2023/5/5 18:07,上海,14,感谢詹姆斯古恩，给了银河护卫队系列一场完美的谢幕，所有人都有了自己的归属，找寻到了自己存在的意义。最后片尾看到大合照的时候，眼泪瞬间就掉下来了，纵使有再多不舍，还是要感慨：能同你们一路走过十年，真好啊。（加油！浣熊队长！）
16,夏季的天空,5星,2023/7/21 18:43,湖北,3,满满的人文主义精神，令人羡慕的友情，真正的family，有趣的音乐，科学的尽头是科学他爹，真·创造亚当名场面，很清晰的“我是格鲁特”，有人成长有人离去，体面的完结篇。“Iloveyou，guys。”
16,l。panda,5星,2023/7/9 4:04,广东,20,好看
16,凹凸,3星,2023/5/5 19:17,上海,14,靠着Rocket的故事线勉强救回了拖沓冗长的节奏，守住了漫威最佳系列的一丝尊严，给了一个尚算体面的告别。还是那句第一部一直说到第三部的话：Cooper职业生涯的最佳表演是Rocket！
16,残响死灭,5星,2023/5/14 18:23,河南,8,漫画改编、完结篇、回忆杀、交叉剪辑、Friendship&Teamwork，主角在最后关头千钧一发、HappyEnding——你就说他跟灌篮高手是不是一样的吧。这与其说是大家都开窍了，知道什么东西能拿捏观众，不如说打动人心的东西从古到今其实永远就那几样，浪荡游子找到心之归属这种故事总能与同样在生活中需要归属感的观众在情感上对上彼此的号码，这跟他是漫威还是少年jump都没关系，只要你的心是在这的，那你就走不了，是这么个道理。
16,Pelishere,未知,2023/5/5 2:59,北京,3,体面收官，比复联三四更适合中年体质的MCU
16,debut0901,5星,2023/5/14 11:13,美国,14,可以说漫威在复仇者联盟之后最好看的电影了（感谢滚导）。就算没看过前两部的人看这部也压力不大，一个非常完整精彩的故事
16,以沫,3星,2023/6/13 23:20,安徽,6,儿童剧，现在的反派boss设定越来越随便了。最喜欢火箭回忆的那一段
16,Sincerely.,5星,2023/5/5 17:34,四川,22,近3年漫威最佳影片火箭的过往艰难心酸，与莱拉遨游天际的梦想终究被至高进化摧毁。悲惨的经历无法忘却，命运多舛有失必有得，遇到了属于他真正的家人们。星爵与卡魔拉最终也没有走到最后，也许不同平行宇宙的我们性格迥异，真的是在扮演着不同的角色。滚导在转去DC之际仍然对他在漫威的最后一部电影发光发热拯救口碑，独特的太空摇滚风格继续延续到第三部，最后在飞船里的长镜头完成了银河护卫队系列最壮观的打戏。本以为会有人牺牲，非常喜欢滚导对所有成员的安排，每个人都有着最棒的归宿。WeAreGroot，comeandgetyourlove
16,玛蒂尔达,4星,2023/5/9 22:34,广东,11,没想到格鲁特战斗力这么强，没想到小浣熊智商这么高。/感恩最后俩人没重新在一起。/最后回去救大家的场景，镜头语言太绝了。/想拥有同款歌单。
16,竹和,4星,2023/5/20 11:12,美国,17,完全没有想到会以火箭浣熊的身世来结束这个系列。题材看起来太小了，像是无法撑起一个系列的宏大叙事。也完全没有想到会被浣熊前世今生的感情所感动到。这恰恰说明了认为商业大片中不需要倾注打动人心的故事是多么错误的想法。结局幸好还算圆满，不然我真的会生气。
16,Liebe_csw,5星,2023/5/6 16:27,上海,17,世界第一的政治正确电影！和西游记的区别就在于没有人能教你怎么活，没有人！
17,Devotion,4星,2023/5/5 23:23,辽宁,8,反派力量削弱直接导致整场看下来无惊无险。后段长镜头打戏搭配复古音乐一气呵成，喜剧戏份也没有喧宾夺主。反地球世界观可以再讲深一点。为什么不直接爱我，而去爱你想象的我。音乐真的很加分
17,Michelle,3星,2023/5/26 21:45,山东,6,赶在下映前看了，自己。不舒服的画面真的太多太多了，总结一下就是过程很恶心，结局很美好。买票的时候预告有两个彩蛋，看完第一个等了好久，打算到门口去等，隔壁的女生竖起食指跟我说还有一个。她也是自己来看的，有被惺惺相惜到�
17,ZacharyYuan,5星,2023/5/8 16:24,山东,25,卡魔拉活成了星云，星云活成了卡魔拉。
17,小妖,4星,2023/5/11 20:41,河北,13,眼泪还没留下来嘴就要笑咧开的程度
17,踢迩达,4星,2023/5/7 22:09,北京,4,不得不说滚导还是漫威第一梯队里最好的导演，有机星球那段对2001致敬太多，是漫威从没有过的想象力。
17,ztlpoppy,3星,2023/5/7 16:41,上海,2,可能期待值偏高吧，总体来说还是有笑有泪，复古音乐taste很好，满足了正常期待值。但总觉得少了一点惊喜的感觉。最催泪的是浣熊和小伙伴们的故事…
17,好好好,5星,2023/5/3 20:06,广东,30,滚导还是稳，真的是有笑有泪漫威最佳，火箭的故事真的是封神“你一直都是主角，只是你未发觉。”每个角色都有高光亮点适合的结局，真正照顾到每一位角色，打斗镜头非常棒有段长镜头真的是好，特效也是顶级水平，滚导的歌单更是一贯水平。唯一的缺点就是也是漫威一直以来的问题，反派死的太随便了，说的牛展现的一点能力也牛，但这次的反派主要展现在毫无人性上，不过最后死的确实很解气捏。完美结局，我们是银河护卫队！
17,红酒与谋杀,3星,2023/5/8 17:59,西班牙,7,大银幕Dolby版。勉强三星，远不如1&2，但好歹能算一部及格之作，只是看完这种片也根本找不出任何记忆点，就是一次快餐消费式体验。在疫情肆掠的年代人们对于电影制作(工业维)的内在标准大大降低了，而原先已经形成的一套观众无意识的外在标准甚至早就荡然无存。
17,MONSTER,1星,2023/7/23 18:42,上海,3,已经完全成为工业垃圾了…
17,cai,5星,2023/5/7 13:43,北京,12,大家太苛刻了，这样都只有两三颗星。像圣经故事副本，亚当夏娃，上帝造人，最后来个诺亚方舟。
17,颜落寒,3星,2023/7/7 18:13,江苏,4,get不到的“漫威最佳”……
17,悠公子,4星,2023/5/5 18:57,福建,6,这绝对是情感最充沛的一部漫威电影，如果你对这些角色有感情，那么必有好几次会让你红了眼眶。但这不是三部曲最好的一部。太多的角色，每个角色各拍各的，没有很好地交融到一起，由于想表达的内容太多，导致整体节奏有些散乱。一些看似重要的配角也没有发挥出很好的效果。而最令人失望的是，作为《银河护卫队》系列，这一部居然没有任何一场高光时刻。
17,似水年,5星,2023/7/17 12:55,广东,11,果然是漫威最好看的系列电影～
17,宇宙也会有日落,5星,2023/5/7 2:59,河北,15,都去看！！！！好想抱一抱小火箭��大爱格鲁特！！！（虽然有一些地方有点尴尬，但是有些地方也有点出乎意料。抵消了。）
17,超鱼,2星,2023/5/5 19:58,广东,33,披着超级英雄的皮，讲了一个又做作又矫情的小品。没有所谓故事框架和情节推动，只有主角的一意孤行，没有人物的情感描写，只有前两部铺垫的理所当然。除了服化道过得去，3dimax也是让画面黑了一个度，而且男主的那种当爹式纠缠让我很不舒服。
17,我累特,5星,2023/5/6 0:53,上海,9,真的是非常完美的一部完结作，前一秒哭的我要死下一秒就能笑出声，我不管情节掺了多少水，如此有诚意的续作不多了，对待每一个成员都很真诚没有偏颇，comeandgetyourlove响起来的时候直接泪崩了，三部看下来有了伙伴般的不舍，妈的，绝对要二三刷！
17,SleepWalker,4星,2023/5/3 18:10,北京,9,结尾响起第一部开头的神曲，系列终于完美收官，詹姆斯古恩情怀玩得棒。银护是漫威宇宙最独特的系列，不像铁人美队那样以单人线发展故事，而是以群像塑造为基底，逗比相声为风格打造的大空喜剧，每个角色都有完整成长弧线及各自归宿，娱乐性始终保持在高段位。相比第一部的惊艳差些，劲歌金曲塞得满而聒噪，剧情设计还是令人满意，以火箭的起源作线索完成最后一役，在依旧贡献横飞段子的同时也注入整个漫威宇宙最暗黑cult的一部分，反地球上人形动物产生的恐怖谷效应效果非凡，也依旧是古恩的拿手好戏。无论如何，银河璀璨，好聚好散，朋友再见!
17,Yuyii,5星,2023/5/12 17:25,四川,24,一个平时看不得小动物受点点苦的人快哭晕在位子上了，神态刻画的好细致，心里一直默念漫威你敢刀一个我小浣熊试试！谁都不准死！三个小伙伴也还来！讲真我本来对漫威电影不报啥期待了，但前面有多愤怒多压抑，后面就有多爽！关键最后再来一首ComeAndGetYourLove，我一整个破防…（每个人都找到了或去寻找自己想做的事，银护队全体好样的！
17,aaron,5星,2023/5/7 13:35,福建,10,从片头的《creep》一出来就爱上了。其实我们每个人都像浣熊，被创造出来，有了一点思想，最终却仍被当作残次品毁灭，可惜我们没有一群义薄云天的朋友救你我与旦夕之中，又或者我们所处的世界就是反地球，造物主正准备抹掉重建。超级英雄散落在宇宙各处，二代护卫队开始了新的征途。
17,荆轲,4星,2023/5/8 22:29,浙江,6,还不错，就是这个至高进化这么菜的吗。
18,velvet,4星,2023/5/14 23:59,广东,8,银护3的故事标新立异吗？没有。情节曲折离奇吗？也没有。唯一凭借的就是真诚，就是不把观众当傻子，让每一个角色的行为逻辑自洽、每一分情感的抒发自然舒适，即使同样犯了反派过于单薄的毛病，也比雷神4、蚁人3之流好看一百倍，真正做到有笑有泪
18,倚仗自叹息,4星,2023/8/13 21:33,山东,9,火箭的小伙伴...哭死了�
18,Torrilla,4星,2023/5/5 22:18,湖北,11,我永远爱火箭❤❤结局有些不舍但这真的是MCU那些三部曲里最好的终章了
18,onam,5星,2023/5/6 14:58,黑龙江,13,不管是剧情还是人物，这部电影给了一个完美的令人不舍的结局，第一部2014年在保山和哥哥，第二部2017年在六库和妈妈，第三部2023年在哈尔滨一个人。9年的时间让我对银护的每一个人都充满了不舍，我喜欢这部电影喜欢里面的每一个人。星云的转变是我觉得相较于其他人最精彩的，真的从一个冷血无情的机器变成了现在的银河护卫队成员，我真的以为星爵会死�，rocket真的让我哭惨了，开头打戏和落地肉星时候的镜头让人感觉眼前一亮（有一丝丝晕。结尾大战所有人一起的长镜头打戏真的帅到爆。iamgroot一起看电影的女孩、银河护卫队，希望未来还能再相见。
18,香水瓶,5星,2023/5/3 13:51,北京,42,有幸提前看了。情怀维持住了，不失望。某几处有点儿恐怖，不推荐带小孩看。等正式上映了我会想去二刷，再看看这群蠢萌逗比们一起歌伴舞。/可以打看过啦，绝对是近年来的漫威宇宙最佳，好像还是滚导的迪士尼电影最后一战，不多刷几遍不行啊！而且发现没有，几个女主角都又聪明又飒，智商碾压那谁那谁，当然最聪明的是暴躁小浣熊啦！
18,晚安Glück,4星,2023/5/3 17:58,广东,7,7/10前半部分比较平淡，笑点略尬，后半部分渐入佳境，走廊的一镜到底真的很帅。
18,書衣偵探華斯比,4星,2023/6/10 11:20,上海,1,小动物们还是很可爱的，要给狗狗加个�。喜欢团队的“家庭氛围”。不过大BOSS也是够弱的。小金人挺搞笑���
18,我昨天叫何宝荣,5星,2023/5/7 22:11,上海,7,看得很快乐，2.5h无尿点
18,Au-79,4星,2023/5/7 15:10,山东,7,还是商业片的那副俗套，不过挺好看的，8.6这个分实在夸张，前作分也水多，都是7分片，7.5差不多
18,激怒李维斯,5星,2023/5/3 17:58,上海,11,古恩回来了，漫威就回来了，真的漫威偷着乐捏一把汗啊，和这结尾一样快乐的不得了。终于不用摆烂这么久了。不得不说，节奏真好，笑点密集，细节超多，漫威重度粉丝能挖出来不少内容。亚当术士的到来，后面的内容会爽歪歪。希望这是漫威好的起点（惊奇队长2估计又要废了）点映全场满座，虽然没有复联4那个时候的全场欢呼，但是感动啊，多少年没见过这种场景了啊啊啊
18,非相君,4星,2023/5/7 0:02,广东,15,小浣熊是最孤独的物种了，全宇宙只此一个。最后有诺亚方舟、上帝创造亚当的感觉了，嗯，一部太空版《圣经》。
18,好胆你就麦造,2星,2023/5/5 14:25,内蒙古,34,剧情好垃圾。浣熊好可怜。�
18,Summerpie,5星,2023/5/19 10:16,北京,7,任性五星给火箭湿乎乎的眼睛
18,乱自上作,3星,2023/5/7 18:50,湖南,10,摇滚密了会恶
18,墨||待到醉時說,5星,2023/5/8 0:04,广东,11,有没有一种可能，在浣熊的内心深处，他的朋友就只有曾经一起在狱里的三个同为试验品的朋友。因为在他觉得失望无力的时候，最想回到的是有他们的地方，那里最温暖和快乐，是最后的襁褓。为世界而战，只不过是未完成的任务罢了。还有另外一种可能，他在救下那一群小浣熊时，也救赎了自己，他其实已经没有遗憾了。
18,glow,5星,2023/5/8 15:51,上海,6,二刷了！情绪不稳定的老板都该死！！！
18,�,5星,2023/5/6 0:01,福建,21,不在五一上映是国产电影保护月��（看完了这部电影表达的内容是超乎现实的美好，导致我第一次那么不想离开电影院）
18,interstellar,2星,2023/5/3 21:22,澳大利亚,24,古恩是觉得整出一锅情怀大乱炖就能蒙混过关了？调度直接成了系列最烂，故事线更是一团乱，毫无节奏可言，甚至还硬塞了一条和主线基本无关主的亚当线，演员表演更是完全靠吼，还不忘给自己的兄弟和老婆加些异常生硬的戏。如此摆烂真当我是傻子好糊弄？
18,安静,2星,2023/5/5 13:02,上海,37,坐下五分钟就唱了三首歌，后面数了数差不多唱了17首左右，真的乏善可陈，而且有些地方明明浣熊都奄奄一息快死的样子了bgm还很欢快活泼真的很跳戏。如果只是进电影院听歌的话，我喜欢第一首creep、大概第14首一夜无眠、回顾第一部的comeandgetyourlove。剧情节奏乱七八糟，充斥着缺乏新意的插科打诨，唯二亮点是89Q12莱拉的温柔配音和89P13浣熊的皮毛特效。（第一个有机星球表面真的很像长了菜花的dick，又一个阳物崇拜的导演啊？）
18,死亡食社,3星,2023/5/5 23:44,江苏,8,完满的结局，糟心的电影，整整两个半小时我收获了被五颜六色爆炸物塞（污）满（染）的双眼和被音响震动的四肢。《雷神4》以后小孩牌打得愈发娴熟，拉长的情节和令人疲软的视觉足以消磨系列最初插科打诨、劲歌金曲的特色，更想看的“失败”实验品被解救后当真会被knowhere接纳、及造物主与造物的关系深挖（没有至高进化就没有主角们视为家人的火箭）之类内容在流水线产品中当然不被允许，主题公园也变成了平淡如水食之无味的剧集，不至于烂片但看得我很累
19,Bryan·Mai,4星,2023/5/3 19:01,广东,22,漫威有史以来最值得看的片尾字幕，第五阶段目前对IP、角色理解最有妙想的人，也难怪能当DC话事人。滚导在视听体验方面的功夫不用怀疑，一镜到底走廊大战配摇滚乐有被爽到。难得感受到角色真正的意义而不是任务性贴标签。如此独立的作品在以后MCU里只少不多，讲好一个故事、写好一个角色，比乱七八糟堆客串有意义得多。
19,阿基米德,未知,2023/5/12 20:11,澳大利亚,1,像是摇滚乐队的告别演唱会，有漫威式的笑点粉丝向的泪点，将近三小时的时长下保持了高密度的输出，可各种情感转合还是过于突兀，刚觉得眼泪要落下来没想到音乐一切转场了。
19,似曾,3星,2023/5/6 22:04,浙江,15,只有火箭的回忆和音乐的审美戳中我
19,Sefaufile,5星,2023/5/19 2:38,江苏,13,能和朋友们一起战斗真好���火箭抱抱！！！！！
19,Bayes_Dan,3星,2023/5/9 4:20,美国,8,完全没有必要三小时长……
19,Marrrrrrrrrrrr,5星,2023/5/5 12:06,福建,16,GotG仍然是我MCU里最喜欢的系列
19,天地间的我,5星,2023/5/14 19:34,上海,18,在美国政治正确的大环境下，能拍出这个大爱无疆的大片，确实不容易！
19,屿,4星,2023/5/7 14:03,广东,14,！那个金闪闪的男人出来我就知道是新队友啊
19,Hello,1星,2023/5/5 17:33,山东,19,Dogdaysareover.
19,拔剑四顾心茫然,3星,2023/7/29 17:14,河北,5,严重怀疑詹姆斯·古恩把太多灵感都给了《X特遣队：全员集结》，以至于到银护3的时候手里已经没活了，整部电影看下来感觉太板正了，前两部那种天马行空的感觉完全不再，一切都向着标准答案迈进，如同十八罗汉归位一样精准卡位：让坚硬的变柔软，让懦弱的变坚强，让被伤害的心灵治愈，让错过的遗憾就那样错过，让每个角色走向他该去的地方。这样处理也不是不好，只是它过于强调多元共存的正确姿态，以至于审美错乱，各种赛博牛马猪鹰全来了，反地球上面住着西游记里面所有妖怪是吧？包括最后驯服克苏鲁，偶买噶就那股子世纪大拯救的劲儿又上头了，还好没把恐龙写进去，要不然连老带少一并救走，不管！爱最大！我们就是银河救援队，没有困难的工作，只有勇敢的狗狗！可能星爵也觉得这次逼装大了，虚无之城一下多了这么人口，回头肯定打架，直接跑路回地球。
19,zy_,1星,2023/7/10 11:16,加拿大,3,一想到JamesGunn马上去祸害DC就忍不住再减一星
19,Red Joker,3星,2023/5/7 15:22,四川,1,等了很久的Rocket的故事终于展开了，个人觉得是全片最好的段落。那种allwehaveisafakeskysowemakemostuseofit的压抑和苦涩从昏暗地牢的缝隙一点点渗出来，有点让我想起了约定的梦幻岛和石黑一雄的neverletmego。其他中规中矩，作为终曲还算合格。故事线依旧较散但比前两部有进步。虽然配乐和慢镜泛滥的老毛病还在，但空泛的台词总算是少了一点。P.S.反派一如既往都在说英音…这次不仅说，还纠别人的口音�P.P.S.如果replicaworld能深挖大概会好一点？P.P.S.反派在吼Rocket编号的时候我总觉得他的24601要破口而出了…
19,nobody�,3星,2023/6/17 7:40,上海,4,没有预想中好，可能由于这集主角纯纯Rocket，而我一直对Rocket感情不深唯爱Starloard……滚导回到迪士尼总感觉被束缚住，画面是有往cult靠但文本层面堪称如社会主义核心价值观一般无趣。
19,一级特工,4星,2023/5/5 19:43,四川,9,8/10，首次在特效厅【激光imax】观赏2D版本的漫威电影，体验还是不错的。滚导用实力证明哥们在哪里都整的出好活。金曲，搞怪，再加情感升华，这些系列韵味一分没少，并且长镜头打斗和火箭对乌托邦的破除更是令人惊喜的内容，毕竟比起构建所谓完美的社会，还是飞向蓝天更有意思。
19,思郁,4星,2023/5/5 14:49,河南,3,不得不说，漫威的这个系列整体质量都在线，很少有搞砸的。可惜，成也漫威，败也漫威，十几年前吹捧漫威的和现在对漫威审美疲劳的是同一批人。漫威后续阶段如何解决这种视效大片的审美疲劳问题才是最难的。
19,gentle,4星,2023/5/21 1:37,四川,8,复联4后唯一能看的
19,IIIIIris,4星,2023/6/5 23:53,上海,9,不推荐理由之三1.开头一堆倒序插叙，一片混乱，讨厌一言不合就打架还迟迟讲不清楚打架的原由2.战斗力排序没有逻辑，开头“快克超人”（没记住他叫啥，sorry，且真的很像快克感冒药那个超人！）直接进“Zion”（也记不得它的名字了，地位跟zion很像，后面被至高的部队偷家的情节也很像电子乌贼入侵zion）把主角团打个半死，后面主角团没有经过任何升级轻松解决大boss�3.里面有太多黑客帝国的影子，也不知道算致敬还是抄袭推荐理由之四1.配乐也太好听了2.没看过漫威系列任何一部的人，开头骂了30mins，最后居然给它圆回来了3.傲格集团蛮好玩的4.居然没有莫名其妙就看对眼，亲起来，谈恋爱的剧情！感人肺腑！（这非常无敌重要，我实在痛恨一些好像不谈恋爱不接吻做爱就会死的电影）
19,夏云啦啦,5星,2023/5/12 2:01,广西,18,按我之前的观影标准应该就四星，但是年纪大了泪点低，所以给五星
19,烂梗,3星,2023/5/7 19:20,河南,12,就是觉得又长又累又尬，音乐是好音乐但是用的位置非常突兀，詹姆斯·古恩的灵力可能在我这彻底失效了。
19,1806,4星,2023/5/6 0:46,海南,8,视觉节奏台词都靠谱，最关键的是银河系列是最不强迫自身同漫威建立宇宙联系的一个系列，各自奔赴人生的洒脱剧情如今电影里很少了，我们缺乏独立而洒脱的人物肖像，尤其大荧幕前
20,闲白,5星,2023/5/12 22:17,湖北,14,被圈养的文明怎么能算文明！
20,小锅子,5星,2023/5/7 14:15,上海,11,不愧漫威全村的希望，还是那么有爱搞笑，银河系版的friends，我真的要哭死，不要让单纯的我承受太多。ps火箭就是浣熊版的openai，好奇愤怒的人类要向谁发泄呢（神奇的是，看完电影的出租车上，师傅在放英文老歌，givemebabyoneonemoretime想起，泪目了，什么神联动
20,Xieirse,4星,2023/5/7 21:58,上海,2,滚导还是稳。其实节奏没有第一部好，金曲也有点用得太滥，但作为类型片，该照顾的点都花功夫认真设计了：娱乐性、角色塑造、情怀。
20,大书桌,3星,2023/5/9 23:12,湖南,2,银护的BGM好好听啊，（有一说一略微满了些），没想到最戳我的是“人生主角”这样的煽情台词，好看还是好看的。∥记录一下，第一次要求影院给错过片头的我倒带且对方还同意了（前提是他们的错），牛逼！
20,橡皮橙子,3星,2023/5/13 22:06,北京,5,四分给特效和场面，-1分给烂剧情和尬不能再尬的烂梗
20,颜良辰,5星,2023/5/17 8:32,西班牙,10,复仇者联盟3和4结束以来最好的漫威电影！全程又哭又笑，哭到有点儿缺氧，出来脑子整个发胀。JamesGunn太会了，期待他改变DC！那个生物星球里的一切简直是高迪设计的样子。
20,放开那个浪味仙,4星,2023/5/7 22:39,北京,1,谢谢滚导造就了漫威宇宙中最不一样的银河护卫队，每一个队员都是鲜活且惹人喜欢的~话唠臭屁又有情有义的大家，真可爱。汪星人家长真的被BadDog的梗笑死哈哈哈…每一部都是金曲歌单，爱了爱了
20,�小白菜菜子,4星,2023/5/7 23:30,上海,7,银河护卫队一向是漫威宇宙系列电影里发挥比较稳定的，角色都蛮乞丐的，但故事架构远高于其他电影系列。这集就是梗常在、歌照唱、爱永恒。滚导在角色塑造方面其实到没有偏废，这集的主线是浣熊火箭，故事讲得不算新奇，但足够细腻。结局蛮不错的，大家各奔东西的设计很顶。隐藏彩蛋实在太多了，几千字都写不完，copy创造亚当那幅画真的笑到头掉。我爱星爵，我爱银护，我爱漫威�这集很契合口罩之后治愈世界、生生不息的大环境，诺亚方舟也是绝了！&史泰龙的脸好像比年轻时候没那么歪了……就是整个来说，角色有点太多了……
20,阿五,5星,2023/5/5 17:29,河北,6,今年最喜欢的电影出现了，不管了我就是爱看超英的大俗比（银护限定版
20,旧书君,4星,2023/5/8 9:08,江苏,3,字面意义上缝合怪，怪物大拼贴，动物赛博格，福瑞星球。（一眼惊艳：肉肉星球的美术有种柯南伯格混搭安迪沃霍尔的感觉，整段戏好比《神奇旅程》式的人体大冒险。）滚导绝对当属拿着资本的钱把私人taste或者说恶趣味玩出花第一人。这部春晚HE还挺享受，一镜到底的团战超酷（如今的漫威原来是有付给动作设计工资的）。三部曲放在一起还真看不出高矮，但相较之下这一部的笑话和严肃之间直接硬切情绪容易脱轨。是银护的退场也是滚导的谢幕。我已经开始想象《超人：传承》会被拍成什么样子了。不是看好也不是看衰，只是心情复杂。（希望滚导拍超人不要再放歌了via熊）（放歌是不可能不放歌的，滚导本质抖音博主via旧）（歌单还是很好听，全是熟人）
20,rache,3星,2023/5/5 22:46,上海,6,就这？！远低于预期！现在这些个超英的反派哪个不是看起来所向无敌，打起来手无缚鸡？彩蛋告诉我们，动物要是长得不可爱，谁救你们啊？就只有挨突突的份儿：ItjustruinsEVERYTHING!只有对卡魔拉处理得好，没有踩我的雷。“Ihadabadfeelingaboutthis”；9又3/4站台；《创造亚当》等meme笑出声。
20,吕布要过来啊,5星,2023/7/17 9:32,辽宁,7,还好火箭没死，那群小浣熊好可爱
20,PinkSubmarine,4星,2023/5/7 19:23,广东,2,It’sgoodtohave啾啾
20,艾银,4星,2023/5/18 13:26,浙江,11,谁会不喜欢毛茸茸、眼神无辜的小浣熊呢？他曾经只是第89批试验品，他曾经天真的相信着一切，他曾经失去了最好的朋友，而他现在已经是银河护卫队的队长。火箭回到伤心地救下那些“试验品”，以及动物“大迁徙”的那一幕，让我想到了诺亚方舟。——2023.05.16
20,Bond,4星,2023/5/3 18:46,北京,34,看到最后，我回忆起之前生活大爆炸结局给我的感受。如果你喜欢这些角色，他们做些什么其实就没那么重要了。
20,三石一声,5星,2023/5/5 23:45,北京,7,整个五月我遇到了会把搞笑与感动结合恰到好处，又把剧情和音乐相融到完美无暇的影和剧！漫长的季节与银河护卫队3！这个五月很好！
20,海山·野火,2星,2023/7/31 22:49,北京,2,比烂还惨的是，无聊，需要数度掐大腿才能看完的程度。
20,小克,4星,2023/5/6 12:30,上海,6,很好，一贯的中二可爱，非常喜欢星爵和卡魔拉的感情之路：潇洒别过，在各自的世界里有爱有朋友，快乐又自由。
20,口古口古,5星,2023/5/7 19:27,四川,7,千万不要带妆去看！会哭死！星云一直说但是那只浣熊kindofimportanttome的时候我真的哭死！友谊万岁
20,皓桑,3星,2023/5/7 0:11,重庆,5,承上启下吧那个创世纪属实有点扯淡
21,么西么西,5星,2023/5/26 19:18,江苏,12,呜呜呜想看了快一个月了终于来电影院看了真的是边笑边哭嘴巴在微笑眼睛却一直在流泪是被温暖和感动的。“其实你一直都是故事的主角只是你不知道”真的爆哭！配乐也超赞的啊啊！
21,鱼剑,1星,2023/5/17 0:37,四川,5,我不理解….
21,Hachiko,4星,2023/5/5 22:36,四川,8,还得是滚导！没经他人苦，莫劝他人善。第三部终曲告诉我们，他从纯真可爱变成如今的钮钴禄·火箭，是原来如此。
21,哆啦A梦你在吗,5星,2023/6/5 23:25,北京,5,漫威最后的排面！
21,舒克没有直升机,3星,2023/5/5 20:06,湖南,13,或许我的期待过高，银护3真的已经没有灵魂，只剩刻板印象的躯壳了。首先时长方面，两个小时是可以接受的最大范围；然后故事线很简单，但情节有点凌乱，段子太多太刻意，一会儿就出戏了；最后就是感谢银护系列为我带来的快乐，尽管第三部有遗憾，但真的喜欢的话，还是值得一看。
21,大宝魚,5星,2023/5/6 22:29,浙江,6,看过银护3才发现，银河护卫队系列可能是有史以来最好的超英电影系列，而不是黑暗骑士三部曲或复仇者联盟n部曲。
21,麦当劳动局,3星,2023/5/6 0:29,广东,2,充斥了更多残疾/科技/动物和（超级）人体“不安”的结合，观影过程便开始浮现各种#浅显理论，再加上这次配角小放光彩，我觉得这部比第一二部有意思的多！
21,HenriqueZZZ,3星,2023/5/7 18:24,美国,3,最近几部漫威真的太难看了，把这部卖情怀之外其他也没啥东西的一下子给衬托出来了，
21,渡边,3星,2023/5/7 21:39,上海,8,火箭线惨兮兮，营救线还玩傻乎乎那一套，有点让人笑不出来。漫威现在只剩行活儿，早已没心了。
21,17950,4星,2023/5/5 14:17,中国香港,10,火箭逃狱的设定好像和游戏里不太一样？不过这系列的核心主题“findyourownfamily”一直没变，所以每个家庭成员都得完成一件自己的“专属家务事任务”�（当然也包括你家里的狗）总之能让我在电影院听完一整首不插电creep我就吹爆：滚导滚导永第一，造完漫威造DC！
21,The_Mars,4星,2023/7/20 1:26,海南,3,系列最高的佳作，很黑暗也很家庭。完美结局，顺利接班。其实，如果出火箭浣熊人气也不输给星爵
21,溺死的鱼,4星,2023/5/7 23:00,广东,4,问题一大堆架不住人物魅力和真情实感的力量
21,秦小皇影音疯刊,5星,2023/5/6 21:06,河北,2,火箭太可爱了，想不到最后一部还挺好看，忒好笑也忒好哭了～上次看到这么过瘾的超英电影都忘了是啥时候了，反正《复联4》后的漫威最佳是妥妥的了，本来最爱《蚁人》系列，结果第三部给我整失望了，但《银护》系列却一部比一部水准高，第三部直接反超了！滚导离开迪士尼的最后一部作品确实有诚意，全片都是巨幕画幅，好多前作伏笔也都对应上了！另外滚导所有的片子BGM从没让人失望过！良心万达，IMAX2D排片，眼镜人士的福利啊！一般只有一二线城市才给排的
21,木村拓哉,5星,2023/5/26 20:39,海南,14,火箭别把我帅死了
21,马夫蒂纳维艾林,4星,2023/5/8 0:19,北京,6,所有人连反派在内还真是看不惯就干，也不考虑自己是不是具备实力和本事，具有一种相当虎把车且彪得呵的气质
21,AlanX,4星,2023/5/5 23:45,北京,7,确实是继复联4之后漫威宇宙的最佳电影，火箭浣熊这一次终于成为故事的主角了。电影配乐很出彩，在动感音乐的背景声下打斗很有感觉。这一部既挖掘了银河护卫队成员身世的深度，也在剧情上增加了故事场景和人物的广度，让这部电影不再局限于简单的打斗而更有共情力。虽然星爵有时很2，但个人魅力还是有的，这队长也不算白当了。
21,Aboo,4星,2023/5/3 23:24,北京,5,《复联4》后最强漫威，有笑有泪的银护终章，又见漫威招牌式一镜到底团战，处理星爵与卡魔拉的情感走向也没有流俗。再会了，银护天团，但好消息是星爵会回归。
21,what'swilliam,4星,2023/5/12 19:40,上海,1,3.8星。确实是《复联4》后漫威最佳。1.四小只在牢笼里取名字畅享未来一段可以位列好莱坞年度十佳片段，哭成狗。2.对于配角过往和成长有了进一步刻画，更加丰满，卡魔拉最后的结局处理很合情理。3.一句话形容本片反派：虚伪的完美主义强迫症，做了拉皮手术的机械战警。4.井上雄彦应该和本片导演学一下如何在主线剧情里合理穿插回忆。5.第一部主题曲最后的出现情怀满满，但本片音乐填充的太满了。
21,DreamReaver,5星,2023/5/6 23:04,北京,4,被Phase4PUA至此，看这部滚导的MCU谢幕作竟然会感到惊喜连连、有笑有泪、要啥有啥，这可能也是PUA的后遗症吧……看得出滚导对这些亲手打造的角色倾注了真情实感，给每个角色都提供了有血有肉的弧光（而非仅是工具人），挖掘出这个形色各异的团体能够维系的原因，顺带输出反动物实验、反乌托邦、筋肉系世界设定也不违和，打斗长镜头和歌单也不吝啬。相较于以离经叛道构筑的前作，这部算是用心用力收了个正经姿态的尾。
21,冷罐罐,2星,2023/5/6 0:05,北京,5,星云也太像一个军人独裁者了，预感到银河护卫队成为星际军政府
22,daydreamsugarbo,5星,2023/5/7 22:27,上海,9,我不知道上一代人在影院第一次看完指环王3是什么心情，反正我看完银护三：theBESTtrilogy｜写了一些缺点，想想都删了感谢滚导为银护家庭带来如此完美的退场GuardiansoftheGalaxyFOREVER｜strong5｜5.11-5.120:50大融城寰映imax2d二刷
22,枨不戒,4星,2023/5/5 14:05,四川,8,算是完美的收官之作，护卫队之间真挚的友情成为本片最大泪点
22,私~川流,3星,2023/7/1 22:13,北京,1,Acoupleofyearsago，Ienjoyedthesefastfood.NowIjustfindthisaestheticchaosextremelyboring.
22,(●⊙(工)⊙●),4星,2023/5/3 18:22,上海,8,最危急的关头都要舍命回去找随身听，不愧是你，星爵（火箭宝宝太好哭了�）
22,sTill-Life,4星,2023/5/7 22:12,上海,4,Whatalovelygalaxyparty!
22,我是美工,4星,2023/5/8 0:35,辽宁,2,有莱拉，板板，大牙，银护队员们这样的朋友，谁会觉得不好呢？除了最后的政治正确，看了感觉到一些尴尬，这还算是部值得一看的电影。
22,饼,5星,2023/5/13 1:30,福建,8,音乐听到后面审美疲劳了但选题真的太刀我了啊啊啊啊啊啊养宠物的人根本做不到理性评价好吗
22,甜甜,5星,2023/6/9 21:38,广东,23,火箭才不是一个没有故事的小浣熊
22,淡香味的圆珠笔,5星,2023/5/7 17:21,西藏,9,帅炸天啊火箭让我哭了好几次勇度也击中我的心星爵吓我一大跳每个人都好鲜明帅
22,湉城,5星,2023/5/5 23:36,江西,20,银河护卫队3文学之双男主爱上我：我是一只来自北美洲的浣熊宇宙超级大基因改造家紫脸皮把我从普通浣熊改造成了会开宇宙飞船的谢尔顿浣熊他嫉妒我是他最伟大的作品又恨我想彻底离开他之后我遇到了大名鼎鼎的星爵和他过上了浣熊生最幸福的日子噢当然他和他前女友经常纠缠在一起whatever我超爱他但紫脸皮依然在纠缠我妄图把我抓回他身边玩切脑&囚禁play挣扎逃脱期间我受重伤半死不活星爵去紫脸皮那找能够救活我的密钥把我救活后我们一队人把紫脸皮鲨了偷了他老家我还顺便和我的童年阴影和解了本来想和星爵继续过幸福生活但他突然说想回老家看看他走的时候我问他什么时候回来他说君问归期未有期巴山夜雨涨秋池好吧and我的名字不叫喂也不叫89P13叫RockettheRacoon
22,UIDouban,3星,2023/5/7 18:11,黑龙江,1,还行，但是这种还行的前提是银护戏里戏外受的影响都很小——戏外它拍摄没太受到疫情影响，也没有主演去世打乱全部计划。戏里它前史剧情量也是最少，只要看过银河一二和复联三四就可以，它处于铁索连舟的边缘。对我来说全片最大笑点是那个金人一脸懵逼地加入银护大家庭的拥抱中。不知是不是原著原因，三部银河护卫队怎么都和拐孩子有关系？第一部拐星爵，第二部星爵他爸拐自己所有私生子，第三部直接疯狂科学家买大量动物幼崽做身体改造，还改造了一堆白发小孩，估计也是拐来的。另外我真的想说，迪士尼漫威不是在复联四之后才不行的，它从一五年就不行了。包括美队三，动作戏和特效那拍得都是啥啊……复联三和四加起来勉强算是一整部佳片吧，但是想获得感动需要的补习成本未免太高了。
22,e|理智型神经病,4星,2023/5/4 0:14,韩国,6,羡慕银护有滚导
22,谈秋平,5星,2023/5/12 23:53,浙江,14,#银河护卫队3#真的拍得好好，明明一样都是很传统的超英故事，表达的情感也都是那些，但就是被拍出了不一样的气质和水平。而且明明用的是最先进的特效技术，但却充满了复古美。
22,秦皇岛海怪,5星,2023/5/14 22:47,安徽,2,比上一部还要好一百倍，摇滚迷的盛宴谁懂？导演的腔调就很不漫威，创造出这帮可爱不着调的非典型英雄，让不待见英雄大片的文艺青年狠狠热爱。最迷人的不是他们的能力，而是彼此之间坚不可破的友情，浩瀚宇宙间寻根的亲情，还有普世价值万物大同的情怀。以火箭为主线的剧情，一整个美强惨，让电影的立意更加开阔。星爵还乡，Mantis探寻自我，Guardians前赴后继，精神永存！
22,�,4星,2023/5/6 15:10,河南,3,好莱坞的编剧们竟然上班了！真是难为他们了，难怪他们要罢工。
22,宋夕,4星,2023/5/12 4:06,德国,1,合格的合家欢，很庆幸补完前两部之后才进的电影院。该片完美展示了偏执强迫症当领导的后果，不懂什么叫得过且过。煽情得不算高级，但没啥毛病，很工整。说实话，比起星爵，更愿意看新银河护卫队的故事。毕竟，又有Groot，又有Rocket。
22,Wayne,3星,2023/5/7 3:30,四川,2,还是给了个中间分，可以从中感受到滚导对这个系列带有的最后一丝诚意，至少比起MCU前阶段和前几部（指复联4之后）的糖水工业粗制滥造的产品来看的话已经算是很不错了，“复联4后漫威最佳”这一句话并非噱头，主要是也很难再比那几部差了。中间的长镜头打斗在现代好莱坞工业中尤为难得，只可惜人物塑造也只有浣熊立了起来，且剧作结构还是很散架，反派弱智的感觉连企鹅人都打不过……
22,猩猩,5星,2023/5/6 21:41,上海,2,四星半！好看，有感动到。故事老套但立意还算新颖，搞笑的部分继续onpoint，最后搞成诺亚方舟版的乌托邦也是非常有趣。properlyentertained!
22,BACKSIGN,5星,2023/5/5 22:12,上海,7,不喜欢看爆米花电影，但这部真的太好看辣！
22,LOU,4星,2023/5/6 23:16,广东,9,银护第三届劲歌金曲大赏�谁能不喜欢干脆面呢，你一直都是故事的主角啊
23,卖灯幺,5星,2023/6/3 12:34,浙江,29,最大的庆幸大概就是，卡魔拉和星爵没有在一起！
23,口袋_肥力士,4星,2023/5/10 20:16,上海,14,真音乐片，合家欢有什么不好，大家就是需要familyandfriends啊
23,发条饺子,5星,2023/5/7 18:26,天津,3,滚导和银护的潇洒与执念，困的人自然会困，懂得人自然会懂。感谢这样一个结局，让有情人可以不成眷属，让太空浪子们可以相濡以沫，也可以相忘于江湖，让冷酷的人微笑，让不跳舞的人跳舞。没哭，但是看到勇度、听到《ComeandGetYourLove》，DNA动得很厉害。
23,樂啊樂,4星,2023/5/5 13:43,四川,3,我可太喜欢这群人了特别是火箭和格鲁特最后还用了我很喜欢的一首歌DogDaysAreOver/滚导给这个系列画上了一个很好的句号除美队三部曲外我最喜欢的三部曲完整了几个主角的故事上升到保护动物的主题虽然没办法跟最喜欢的第一部比这部的音乐塞得略多了一点点火箭的故事虽然特别伤心但是剪辑有点生硬主线故事比较简单但是还好整体没有那么流水线比最近的几部漫威好很多真的有笑有泪还有几段不错的动作戏比如走廊长镜头和一位惊喜回归希望未来在还能见到这群人吧
23,尾号9587的用户,5星,2023/5/3 20:08,天津,36,儿子会说话了啊！�
23,毒舌影评,5星,2023/5/5 19:15,北京,4,超燃，超嗨，超好哭！“《复联4》之后最佳漫威电影”果然名不虚传！如果谁还对滚导的实力有怀疑的话，麻烦好好看看《银河护卫队》三部曲吧，你会深刻感受到，这就是漫威迄今为止最为出色的“三部曲”了！滚导文戏打戏皆靠谱、煽情更是第一流的实力，绝对堪称“漫威第一”的导演了！所以，华纳把人家挖过去主管DC创作绝对是有眼光的，拜托大家对将来DC宇宙重启的新作品有点信心吧，滚导操盘质量肯定是有保证的！
23,䒳,3星,2023/5/5 13:01,日本,5,摸摸小動物們555除了開篇結尾，剩下大部分時間被金曲見縫插針的插入而尷尬中
23,一片模糊的绿洲,5星,2023/5/8 23:27,上海,10,为了推歌单连拍三部电影的男人和为了推歌单画漫画的男人都不容小觑吖
23,kiki204629,4星,2023/5/5 23:28,新疆,5,银河护卫队绝对宇宙第一天团！有欢笑有泪水，wearefamily!由《creep》开场，火箭的故事看到泪目，为了家人可以刀山火海勇往无前，如果逃避不能解决问题那就直面残酷的人生吧，冲破心理关你会发现一切云淡风轻。滚导牛叉，堪比印度电影时长却丝毫不会让你闷，非常愉悦的观影体验。火箭最中意的单曲居然是《comeandgetyourlove》，和第一部星爵出场前后呼应，彩蛋看完之后和大家一样，期待星爵回归！
23,方小孬,4星,2023/5/7 9:47,天津,3,算近几年比较优秀的漫威作品了，两个半小时过得飞快。
23,皮革业,4星,2023/5/12 20:54,北京,2,畅快的小队任务片，滚导还是高出行活一截。并且在A级制作的框架下，坚持Troma式的胡来与恶趣味，像《撕裂人》一样的肉块星球，还有完全照搬的《魔童村》《机械战警》设定元素。
23,英白拉多,4星,2023/6/2 15:40,山东,10,卡魔拉的离开是最好的结局，因为“真正”的卡魔拉已经死在了沃米尔星的悬崖之下。
23,文泽尔,未知,2023/5/6 0:47,湖北,9,地球中心主义不可取漫威这阶段总算有部能看的了滚导保持了水准
23,尼摩,4星,2023/5/12 21:54,福建,10,某种意义上，有着大同世界的理想。每个人寻找自我，和朋友们相亲相爱，生活在幸福里。没有完美，不要用自己的完美改变世界，保持善良和勇敢，鲁莽冲动犯错都没什么。
23,潋 | Béatrice,4星,2023/5/14 23:44,上海,2,滚导wayabove漫威平均水平，简直是来扶贫的。每个人物都有发展和弧光，且有交代，虽有cliche，但实属圆满。三部下来，滚导稳如老狗。但缺点也有，一是反派不立体，脸谱化；二是歌单太满了，没必要，实在没必要；三是中段节奏有拖沓和紊乱的迹象。
23,无情小筷子,2星,2023/8/26 19:57,内蒙古,0,得亏没去电影院看，又是漫威恰烂钱的“诚意之作”。题外话：地球上最疯的两大变态：美国和日本，残害地球生物的第一杀手，都不是科幻片，早晚都是纪录片
23,酱爆桑桑子,3星,2023/5/5 17:05,广东,4,【6】没看过前两部，估计也不会看。其实也没有什么不同，可能是第三阶段全部扑街之后终于有了一部正常人思维的MCU电影。套用“救猫咪”的结构拍出了一部具有正常人思维且以让人不会生厌的视角进入。基本就是太空音乐会，犯贱耍诨刷刷嘴炮得了。最明显的提升在于懂得了“寓教于乐”的小学生观后感，哭死你，萌死你，爱死你，乐呵乐呵还有点小感动就得了。虽然我觉得这些音乐很吵，很难听，但不妨碍它是开心的。
23,HarperDie,4星,2023/5/5 0:41,北京,15,三星半。詹姆斯·古恩在镜头设计上仍旧充满活力，却舍弃了对所有人的深度刻画，转而把情感的爆发集中在火箭身上。当火箭的身世之谜被揭开，你才明白银河护卫队之所以存在的意义。在一部商业片中能有如此大篇幅展现对动物生存的思考，很难得。
23,Astra,3星,2023/7/23 12:53,福建,7,还好，就是比较不像是银护是在说火箭前传
23,吹牛伯爵,2星,2023/5/7 14:50,上海,6,怀旧金曲+猎奇式的物种设计即古恩的“作者招牌”。2023.5.6
24,白泽明,4星,2023/5/3 18:19,上海,23,很难得，在复联四后漫威全线工具人的情况下滚导还能如此用心地在一部影片中尊重每一位角色，赋予他们并非老调重弹的角色成长和人物弧光。各有侧重，毫无偏爱。与此同时，这部影片再次让观众们看到漫威在试图通过扎实的剧作和丰富的想象拓展一个完整的，令人足够信服的世界观。毫无疑问，这是构建一个幻想世界的基础，但漫威已经很久没能再复现这种能力了。这也让我们不由得担心：失去滚导之后的漫威，还能稳定地为观众呈现一部部优质的爆米花电影吗？
24,⠀,5星,2023/5/5 3:35,江苏,11,《银河3》是《复联4》之后最有趣的一部，我为我说的话负责！
24,拔刀诀,2星,2023/5/8 22:05,辽宁,5,系列最差，搞笑最尬，配歌吵得恨不得静音。复联4后，超英片就是垃圾制造场。
24,安托万的造梦机,2星,2023/5/6 19:51,北京,8,我对GoG系列的评价一直不高，因为感觉太取巧，观众对漫画原著了解较少，无厘头喜剧与超级英雄题材的结合在银幕上也算新鲜。只能说JamesGunn太懂怎么糊弄观众了，喜剧桥段+特效打斗+煽情+怀旧唱片的大杂烩，我今天突然意识到这种感觉像什么了：就像是在电影院里一口气刷了150分钟的短视频。不难发现无论是叙事还是角色塑造割裂感都特别重，只能说在漫威建立起自己的流水线之后，JamesGunn为其烹制了加料最多的一锅爆米花。
24,blow a kiss,4星,2023/5/9 18:41,北京,5,美式精神内核，英雄主义+煽情，我算是看腻了
24,piggy,5星,2023/5/27 16:32,江苏,24,今年最佳电影，不仅指最佳漫威。很难想象野心这么大的电影能有这么高的完成度。不完美，但远远超预期。
24,墨色缠绕,1星,2023/5/20 17:02,上海,11,不知道加拿大教堂埋的孩子看了这电影会咋想
24,张大水,5星,2023/5/18 21:02,湖北,3,穿CCCP宇航服的狗狗，把飞船和反诺亚方舟合体，有生之年终于看到了美苏两大阵营联合救宇宙。
24,sub rosa,4星,2023/5/6 9:37,福建,7,因为3D播放机坏了看了2D，反而获得了免费的爆米花可乐及包场电影体验，音乐好，剧情弱，尤其是反派像个大傻子。
24,柯里昂妮,4星,2023/5/7 17:10,江西,9,3.5。看得还算欢快，这已经是对近几年的超英电影最大的褒奖了，不求拍得多好只求拍得能看。完结篇几乎就是浣熊大电影，动物保护主题＋歌曲串烧＋嗨皮段子，没什么大boss，也没有什么牺牲，真正的happyending，好聚好散，完结撒花。
24,Yi,5星,2023/5/9 23:21,北京,12,初代复联完结篇….钢铁侠是英雄主义、美队是家国情怀、雷神是爱情线、蜘蛛侠是个人成长，而银护是漫威中的友情线担当，这种友情如此宝贵，足以抚慰任何一颗受伤的心灵，把一群不打不相识的人结成为宇宙最强family，足以对抗任何难搞的敌人。还好…还好最后没人挂，不然真的会哭死…….
24,李秋天,5星,2023/5/8 15:08,江西,3,“他们虽然永远都在拌嘴，却又在每一个关键时候毫不犹豫的支持着彼此。角色之间感情是非常让人信服的，一群“怪胎”聚在一起，他们每个人都不完美，甚至是别人眼中的“垃圾”，但茫茫宇宙中，他们遇到彼此，跨越物种的共情着彼此的伤痛。而凝聚这个团队的精神内核，永远都是善良，是仁慈，是爱。他们是一家人了。然而天下没有不散的宴席，是一家人也会为了各自想做的事而各奔东西，但我任然相信，不管谁需要帮助，其他人都会毫不犹豫赶来。”友邻说得好好啊，就是这种感觉。前面打斗场面配合着音乐显得有些吵闹，但结尾《ComeandGetYourLove》响起，突然好像又回到了九年前的《银河护卫队》第一部，快乐是初心。“傻子才跳舞。”“我爱跳舞。”
24,独行侠杀手阿何,4星,2023/5/5 17:31,广东,5,爱之精神拯救世界。Y'allcreeps!故事切入点不太喜欢，系列终曲居然不继续拓宽故事格局，而聚焦在浣熊来源及破事，强行煽情，劲歌金曲尴尬铺满，生物工厂理应侧重。银河护卫队更强大，格鲁特的技能进化惊喜刮目，终于会说另一句话了！亦正亦邪、人如其貌的亚当术士真——可爱！但人物展现空洞，戏份轻，加入银护后能否再来部？号称超强反派的至高进化虚张声势，不堪一击，这算哪门子大反派？反地球奇观令人称奇，银护七人监狱飞船打斗长镜炫目爽快，经典摇滚轮番大放送，场景如MV式呈现。Dogdaysareover，曲终人散，这样欢乐大团圆、祥和起舞的结局算是画上如意句号。星爵终于回到久违的儿时故居地球，见回失联的外公，也终于放下卡魔拉。Comeongetyourlove~片尾曲梦回初见星爵的美好，谢幕回顾了全系列包括特别篇。银河护卫队，再见！[三星半]
24,马自挂,4星,2023/5/7 21:26,上海,3,再次为选曲水平打出满分。以及为卡魔拉和星爵的不复合打出满分。
24,Pauline,2星,2023/5/9 22:01,上海,11,偏低幼了今天居然觉得座椅特别不舒服如果缺了BGM会少了一半效果吧2个半小时撑不住了就睡了一会宛如诺亚方舟没谁比螳螂女更顽皮可爱了
24,一顆活性炭,4星,2023/5/7 22:02,四川,4,我们干脆面宝宝�好伤好伤，只字未提终局之战但处处都是终局之战的疤，Ibetwewerefun/勇度爸爸闪现/comeandgetyourlove一下子把我捅丝�确实是本阶段最佳但拒绝pua❌前半部分两条线的衔接做的太差了，这个切歌式剪辑好敷衍，音乐的应用还是第一部玩的最好。#论克里斯帕为什么本阿福化了（whichmeansgettinghotter
24,辐射羊,4星,2023/5/5 3:04,福建,7,把前两部受欢迎的元素都继承了下来，顺便发挥了古恩的cult恶趣味，所以也和前两部一样，是一种情绪非常丰富的无脑片子。不过古恩恰巧能将这样丰富的情绪伪装为宏大的普世价值情感，在这部尤其能借此打动人。故事仍然是带点蠢的漫威模板（带来的缺陷从略显陈旧的决战编排可以看出），创造的变体也仅是多了些卖惨戏，全片某种程度上习惯于利用缺陷角色的自我救赎来推进感官上的节奏，当故事趋于无聊套路时，就写一段角色“觉醒”成长来延展弧光，观众便被高昂的情绪拉回了注意力。但很庆幸能看到漫威这次能利用原先的流水线套路制造出不让人瞌睡的观看体验，不过一得到这样的看法，就忍不住为这几年受过的“漫威折磨”而悲伤惋惜了...
24,晚不安,3星,2023/6/11 16:14,北京,1,居然与《灌篮高手》电影版的叙事策略不谋而合，选定了一个之前并不十分显眼的角色浣熊-宫城，展开人物前史的同时，也为当下的故事创造叙述空间。在第四阶段全面哑火的漫威宇宙作品序列里，滚导稳定的发挥已经足以令粉丝和路人打出8.5的报复性高分——用心刻画人物、建立情感连接，远比铺设多元宇宙要来得经济实惠。在创作手法上没有做什么花样翻新，好在动作场面依然保持水准，尽管对怀旧金曲的滥用已经越来越成为问题，但观众或许都默许了这场告别狂欢的任性。
24,我也不在乎,2星,2023/5/4 4:05,北京,13,背负太多而无法轻盈自在起舞
24,豆油皮,5星,2023/5/6 0:33,北京,16,泪目，这才是真正的复联结局，很完满了，真感动。
25,程大牙,5星,2023/5/28 0:15,北京,2,以前看片子一定要吐几个槽现在心态变了为数不多能挤出时间上电影院看的影片我只想夸感恩这么多年的陪伴
25,秋色纯,4星,2023/5/8 1:11,河南,1,这次讲述89P13火箭熊的悲惨过往。电影延续系列风格，色彩绚丽，恰到好处的笑点，依旧充满想象力的世界设定，有趣的宠物元素，意外的怪物造型，只不过这一次有虐心的回忆杀。音乐就是节奏大师穿插在轻松欢快、温情搞笑和科幻大场面之中。船舱激战场景里的动作运镜很酷炫，故事唯一不足的就是把至高进化塑造的，如同创世者一样，决战却一碰就碎，有些小失落。整体上来说是愉快且首尾呼应的完美系列终章。漫改也是需要剧本的，纯照搬肯定会差强人意的，滚导就是不一样。
25,俞長安,5星,2023/5/5 3:26,浙江,17,等了五年银河劲舞团永远爱热闹爱那些不合时宜的幽默永远爱你（imax真的好爽）只要是这些人纯唠嗑我都爱看
25,王食欲,4星,2023/5/6 16:09,北京,13,解救动物，本素食主义者狂喜。
25,JasonShen,5星,2023/5/3 17:57,湖南,21,看完点映，几百个人一起等彩蛋真的太酷了！！
25,JoeyLu陆柏宇,4星,2023/5/5 12:20,江苏,17,灌篮高手拍宫城良田传银河护卫队拍火箭浣熊传
25,桃子,4星,2023/5/22 1:33,北京,1,开头经典的"creep"几乎全歌播放，带出这次的主角——浣熊，与主题。虽然有一段毫无转场地跳星球有点烦，但进入主线后大家一起打反派可太热血了！这集里的女人们都是独立走向，还教育了男主成长！依旧不喜欢贫嘴儿男主，但终于理解了他为什么那么爱他的walkman（里面都是地球上的年度劲歌金曲啊！）。这集有很多价值观，比较陈词滥调，但很美好。实验动物让我流了太多泪！！！T_T尤其是小兔子，觉得它太可怜了T_T///P.S.挺钟意亚当术士。PPS.看出很多来自日本的梗（巨幕，3D)
25,胡二,4星,2023/5/8 20:09,浙江,1,杀我别用小动物刀。。。火箭前传，小动物大合集。一如既往喜欢小虫妹妹，这集多了好多戏份，带萌宠闯天下设定完美
25,Яανeη,3星,2023/5/15 9:28,加拿大,1,rocket我真的哭死
25,江风有月,3星,2023/6/4 11:44,北京,1,纵观银河护卫队三部曲，发现银河护卫队就像坏二代联盟，三部曲都在讲弑父情结，星爵、卡魔拉和星云、火箭浣熊都在各种层面的弑父中折射出只有弑父才能让自己真正成长蜕变，同时大义灭亲也都不是自我欲求，而是为了顾全大局为了众生的观点。佛洛依德所言的弑父情结也是反叛父权，是西方文化中的个体本位思想，对父权的反叛是自己人格独立的必由之路。东方文化更注重君父纲常，但其实除了“礼”之外，君子更应该纳“仁”于己心，可以牺牲自己，但不必委屈自己顺从长辈的错误观念。所以单从家庭亲子关系与子女的自我实现层面而言，有着被不幸家庭束缚折磨的人去看看银护系列，或许会有不同的收获。
25,林瀚,5星,2023/5/8 23:45,四川,7,滚导永远滴神。这部完美到什么程度呢？剧情令人意想不到。浣熊真不愧是我最喜欢的角色，小小的身体大大的智慧。这部的结局是结束，也是开始。
25,齐柏林飞船,5星,2023/5/7 15:37,云南,5,漫威中边缘角色却成了最佳，第一部第二部，圣诞篇，第三部完全high翻天，故事完整，感情戏丰富，对白可乐，致敬浑然，而且开篇居然完整的放完了Radiohead的creep，这应该是我最喜欢的十佳金曲之一了。
25,陈长生,4星,2023/5/10 19:12,澳大利亚,3,蛮好看的，算是一个蛮好的结局篇了。比起前两部，这部的邪典气质更浓了，同时夹杂着主旋律动保，可谓一种新世纪融合。
25,宗川Zongchuan,5星,2023/5/7 21:06,广东,8,简直要哭死在电影院，怎么会这么好哭啊…
25,神仙鱼,4星,2023/8/3 22:27,北京,0,嬉闹沉淀，生出悲伤的肌理，竟没招架住泛泪了（也可能是和MCU之前那几部对比太强烈造成的假象）"Ibetwewerefun."7/10
25,G大调的悲伤,5星,2023/5/7 21:51,浙江,4,这一阶段的最佳影片了
25,如晴天似雨天,2星,2023/5/7 19:44,河南,3,为什么黄种人的角色永远是最沙雕的？？？？
25,ygrdcd,4星,2023/5/13 20:26,北京,6,如何给一个团队里以灵活强硬又透着搞笑的小个子安排悲惨过往，成为叙事主角，最终或者队长认可并传承大位，做到上述一切的同时要保证主体大战节奏流畅，观众看得痛快欢乐，这方面井上雄彦还得跟《银河护卫队3》好好学学。
25,Dahmer’s dead,4星,2023/5/6 19:55,北京,1,说实在的，古恩可能都没想到，还能借用“分账大片”这层皮把自己的邪典趣味输出到全世界审查最严格且没有分级制度的大银幕。
25,一一,2星,2023/5/3 22:14,北京,27,漫威怎么越拍越像B级片了，一坨坨黏糊糊的生物，爆米花都吃不进去了～说的是给老几位送别，却还是硬加了新角色进来，冗长无趣的打怪，刻板智障的反派，除了用歌来炒炒情怀，再啥也没有～
26,青兮丶,4星,2023/5/9 18:01,广东,4,厉害就厉害在如此模式化的情节，还是能拍出了不得的新意。运镜真的无敌，IMAX场的感觉是整个影院在跟着镜头转；有一些视角真的很棒，明明无数电影都有相同的情境，但这部电影的拍摄手法与众不同。虽然老套，但是该有的感动都没少；虽然缺少创新，但就是真的很好看。
26,动作院线,2星,2023/7/18 18:28,湖南,2,求求你们，别护卫了，放弃吧，真的，看累了。
26,掉线,3星,2023/7/18 15:22,北京,3,【C+】一部杀一个爹，片子可以叫“弑父三部曲了”。作为系列完结要塞的东西太多，新角色的引入旧角色的淡出，于是剧本也只能到一个“凑合说的过去的”水准并充满套路（星爵的人物弧线完全是走过场）但非常热闹好看，是那种久违的特效大片的热闹好看，是必须要在大银幕上欣赏的热闹好看。
26,zykmilan,5星,2023/5/4 8:57,新加坡,18,不知道是不是被漫威最近的电影PUA了，看完银护3我只想大喊滚导你太牛逼了。这确实是给这个系列最好的终章了：人物性格丰满，每一幕推进不再是为了无逻辑地强行推动剧情，依然笑点满满，打斗也很精彩。我可能最喜欢的部分是没有强行让新（旧？）Gamora爱上星爵。之前大家普遍预测火箭可能领便当，而他也确实在前半段几乎全程躺着，而最后我一度一位另一位要领便当…结尾演员表后的彩蛋是连结之前的圣诞假日特辑故事。
26,是阿藤啊,3星,2023/5/16 12:32,上海,8,看下去了但看不下去
26,墨墨,4星,2023/5/9 15:38,河北,3,真是最好的结尾。毛茸茸骗我看电影。
26,Danny,4星,2023/6/4 23:24,上海,5,整个故事讲的也很流畅，于是希望这个系列就如此一般完美的收场吧！
26,Lumos,5星,2023/5/7 22:48,湖南,4,银河护卫队就是最好看的！！！都给我去看！都快去看！
26,小麦超帅,5星,2023/5/5 22:35,河北,3,漫威永爱❤️
26,SundanceKid�,4星,2023/5/30 20:51,浙江,1,当万事告一段落，大家笨拙地跳起舞时，会感到这帮角色是被爱护、向同一方向生长的，这点就远胜于漫威这阶段别的影片了。私心最喜欢Karen在这个系列的表现
26,6079,5星,2023/6/5 19:53,广东,19,1和2加起来都没有3好看
26,無知,1星,2023/5/9 11:16,河北,7,漫威超級英雄電影看一部就夠了，或者說一部都不用看，千篇一律的空虛無聊和枯燥乏味！
26,Wonder,3星,2023/5/7 0:03,北京,2,聒噪的游乐园电影。
26,曾海绵�,5星,2023/5/3 18:35,北京,13,还得是滚导，漫威终于有部能看的了！！确实是四五阶段以来的目前最佳～每位成员都有所成长，结局也都很满意，满分最终章！浣熊线是什么深渊黎明的剧情啊，太虐了请备好纸巾。IMAX版本从头到尾全画幅很爽，片尾双彩蛋。
26,十一伏特,5星,2023/5/9 23:18,北京,1,全方位的精彩好看。要故事情节有漫威电影里少见的双线叙事结构，完整塑造起火箭浣熊的起源故事；要人物塑造能照顾到几乎所有主要角色都有各自发展变化的弧光，要思想深度有涉及到造物主和文明进化的议题。要动作打戏有精彩的巷战长镜头调度设计，要宏大场面有宇宙星球级别的毁灭轰炸，要物种多样性有五彩斑斓天马行空的奇异生物造型。要搞笑可以随机搭配两个人就出笑点，要伤感有火箭失去的友情、星爵失去的爱情都能催泪，要情怀整个银护三部曲形成了从地球开始又以回归地球结束的圆满结构。一场炫目璀璨的狂欢，多么希望永远不要谢幕，可惜终究到了分别时刻。致敬，了不起的银河护卫队。
26,伊谢尔伦的风,4星,2023/5/15 8:42,湖北,4,看完：银护3还可以。想起近年在漫威看了啥：银护3特别好！！
26,danyboy,5星,2023/5/8 15:10,北京,2,昨天在悠唐博纳看的，很不错
26,papazao,3星,2023/5/14 2:45,福建,6,比复联更加崩坏的战力值，各种怪物造型让人生理不适，虽然这个系列就是主打逗比合家欢，但是俗气的救伙伴加解救小朋友剧情让人尴尬。
26,小楼女士,4星,2023/5/6 23:20,广东,3,加入毛茸茸的动物元素真的太太太太太可爱了！就是狠狠戳我萌点了，剧情虽然有点煽情，但很多动物元素我承认煽到偶了！结尾也很好，走向各自的人生。而且这才是《神奇动物去哪里》吧，火箭帅晕麻麻了！那个被挟持的红脸美女好漂亮，好喜欢这种类机器人的美女���。就是反派那一伙子都感觉笨笨哒�。以及我要狠狠强调：科斯莫不是坏狗狗，是最棒的狗狗！
26,蜘蛛,5星,2023/5/5 20:47,广东,2,这两年最佳的漫威电影了，剧情不水，每个人物都很出彩，超级有趣
27,无机客,4星,2023/5/5 14:50,浙江,7,浣熊的故事太催泪
27,AlexTheGrid,5星,2023/5/6 22:29,广东,1,古恩应该算活着的导演里歌品最好的一个。漫威应该庆幸自己快要完蛋时还有银护来兜底。
27,发不沾霓,3星,2023/5/6 16:23,上海,2,开头《Creep》带来的感染力有点梦回十年前那首《I'mnotinLove》的意思，后面虽然劲歌不断，但没怎么撑起来；看着古恩在银护里加的恶趣味很希望看他再来一部[撕裂人]那种片儿；威尔·保尔特扮起蠢来特别像《济公》里的梁荣忠
27,Howllee,5星,2023/5/12 0:45,广东,2,从14年一作，17年二作，到23年三作，和复联3/4和雷神4的登场，这群边缘英雄组成的胡闹团队成员越发茁壮，登陆越来越光怪陆离的星球，遇见越来越奇形怪状的生命体，漫威宇宙的风景线也随之一次次地延伸。比起其他以地球为主舞台的超英片，银护系列是典型的太空歌剧。各种不靠谱的队员互动带来充足笑点，宇宙间的跃迁飞行带来离谱新奇的视效奇观，而友情、家人和动保的主题也给这爆米花动作喜剧带来一定思考深度。但这段旅程到此告一段落了。那串联全片的欧美经典歌单对国人来说，当然是新鲜陌生的，但这安利的歌不少已入列。有人会觉得它们吵闹和喧宾夺主，但正是这些歌点出了主题、烘托了氛围。银护就是那样乱七八糟莽撞奇葩，就是那样惊险刺激后收归感动。而结尾，当熟悉的Comeandgetyourlove又再响起，多少让人感慨，那属于我们的十年情怀。
27,发条橙,4星,2023/5/7 18:52,四川,7,IMAX2D！漫威最佳差一截，但至少有笑有泪做到了。人生就是不断的告别与重逢，果然真诚和情感才是必杀技。
27,徒挣,5星,2023/5/6 22:30,上海,6,陪我看一二的人都不在了和好友一起看三却是圆满友谊长存
27,LilHardboy㊎㊌,5星,2023/5/15 20:04,陕西,8,情感调动非常到位，我的评价是战狼3之宇宙撤侨行动。
27,还没到伊瓦苏,5星,2023/5/6 2:07,江苏,11,小浣熊好可爱。滚导把他的好音乐口味带到dc了，小浣熊听了电台脑的creep也得点一支利群。好消息：漫威终于有一部高水准的片子了；坏消息：这是最后一部哦
27,kylegun,5星,2023/5/12 0:21,北京,0,团队拆城斗术士，五彩入侵生化星，毁天灭地登火箭，八仙过海战长廊；好聚好散的小浣熊升职记，就奇观展现来说其实不如《蚁人3》，但情怀牌打得真不错
27,罗夏,4星,2023/5/6 23:21,河北,2,这个续集满足了我对这个系列的所有期待，泰裤辣
27,啊柒,4星,2023/5/5 3:07,广东,7,4.5，距离《复联4》上映的第四个年头后，漫威终于久违的交出了一份令人满意的答卷。甚至比同系列的第二部要好。首先叙事节奏完全回到了第一部的水准，干脆而不拖沓。后期营救行动里边的一段漫画式的打斗展现简直深得我心。火箭作为贯穿全系列的主要人物，这次通过他的辛酸往事插叙作为本片的情感和故事切入点，而不是加入以往从未有过的人物推动故事的情感转变，也很好的将整个系列强调的朋友主题和他们之间的情感更加高度整合在一起，让中间的整个营救行动更加多了一层情感上的合理性。甚至于最后对自我意识的探讨也是水到渠成的，一点都不突兀。德拉克斯性格上锦上添花也很是令人讨喜。不得不说如果整个系列至此完结，那每个人物的性格总结都是很圆满，很鲜活的。但至于这是漫威的东山再起还是回光返照，我还是持保留意见了。坐等时间给我答案。
27,GIVIND,4星,2023/7/7 23:52,山东,3,每次看电影都是摇滚乐之旅，感觉听歌比看特效还巴适doge；果然动物脸的共情点比人脸要低得多的多——火箭，真是只不折不扣的好浣熊；话说还得是“银护”这特立独行且品味超一流的调性，才压得住不至喧宾夺主的华丽特效。
27,端舞,5星,2023/5/7 14:19,广东,1,好看！
27,Feem,5星,2023/5/19 23:09,浙江,8,刺骨的痛和无边的恐惧侵入我心脾，我却只记得那日你轻擦拭我的伤口。你是我心底的圣光，你是我的不愿提起，你是我的起点，你是我的永远。
27,夏七冥,5星,2023/5/7 22:42,江西,5,Thedogdaysareover~
27,刘小黛,4星,2023/6/1 1:00,江苏,2,看不困的漫威不多见，这是今年唯一一部。
27,Simon,5星,2023/5/8 3:08,英国,7,银护粉丝高人一等。
27,我不是盆栽啊,未知,2023/5/7 6:59,新西兰,4,以creep开头，thedogdaysareover结尾。恰到好处的真挚感情，并不煽情的可爱表达。
27,metaphor17,3星,2023/5/7 0:03,辽宁,2,滚导也看出来漫威无药可救了哈哈哈，随便一拍就是口碑最佳。
27,KLY,4星,2023/5/4 21:57,中国香港,9,4/5/2023@英皇iSquareIMAX。被rocket的故事感動了，Lylla�JamesGunnMCU精彩完結篇，我們在DC再見��
28,布依葵,未知,2023/5/10 1:50,湖北,1,一直很羡慕这个系列的创作者，如果内在没有自发的乐观和归属，写不出这样的情谊，造不出这么理想化的世界。
28,AZWayne,4星,2023/5/6 16:40,山东,2,詹姆斯古恩式的审美情趣、复古的劲歌热舞和银河护卫队的插科打诨，我已熟知滚导的套路，却仍愿飞向这无垠的美丽天际。在Vol.1和Vol.2中银河护卫队于我是“IAmGroot”，现在是“IloveYouGuys”。感谢滚导给了他们一个MCU最体面而深情的告别，不是生离死别，只是尊重每个角色的成长。我很好奇火箭浣熊、格鲁特、亚当术士、克拉格林和太空狗科斯莫的故事，但更希望银河护卫队到此为止。
28,玻璃洋葱,5星,2023/5/8 22:53,北京,2,爽死谁了，i火箭人士身心愉快并决定美美二刷�（补：5.6就看完了忘了标记）（5.12二刷）
28,Xaviera,4星,2023/5/11 16:53,北京,1,继把钢铁侠搞死以后，就对漫威没什么期盼了。但银护很不一样，这个IP在滚导手下散发出一种“烂仔帮”的光芒，打斗戏长镜头依然臭屁又炫技哈哈，而且真的太喜欢配乐了，天知道第一首就是creep的时候真的要疯，最后comeandgetyourlove出来全场鼓掌，最后一部也仍然无愧于漫威真人片最后的希望。谢谢滚导还是就给了他们最大的温柔，让每个角色都得到了最好的结局。最感动的反而是对火箭说的那句“你一直都是主角”。是的了，银护小队每一个都不是走马观花式的“漫威阶段伟业铸造限定工具人”，虽然他们每一个都不完美，但胜在全都令人印象深刻。期待DC的滚导！
28,土蜂在城乡结合,3星,2023/5/8 21:07,广东,1,5月6第一部漫威电影，本想瞧瞧孩子们喜欢的，结果被前排一家三口几乎每三分钟一次的大笑提示搞到怀疑人生………浣熊好可爱�btw
28,黛博拉康纳利,4星,2023/5/5 19:24,山东,1,有笑有泪漫威最佳
28,贪新不厌旧,4星,2023/5/6 0:02,广东,5,基本忘了前两部的具体情节，但也可以投入到第三部的故事架构中。以拯救朋友为故事主线，很多有趣的小细节，多星球文明璀璨多姿，让人想信以为真。
28,半吊子,5星,2023/6/5 16:11,内蒙古,14,线下看的，杀我别用浣熊刀�
28,Ben,5星,2023/5/5 12:49,广东,9,还得是滚导，纯正的漫威味回来了，但也是滚导的漫威绝唱了。银河护卫队不管成员如何流动，家庭的内核一直在。最后随身听音乐响起，思绪回到星爵尬舞的八年前，那是银河护卫队故事的开始。结尾双彩蛋，第五阶段最好的漫威电影。
28,Spy Liu�,2星,2023/7/8 2:10,新加坡,2,主题乐园里一个项目玩两个半小时也很累的
28,20个小明≯,3星,2023/7/12 22:53,北京,0,算得上功德圆满了，起码没崩得太厉害，拍了这么多部梗都用烂了，想搞出点新花活也的确是不容易……
28,Pine,5星,2023/5/20 0:51,广东,6,为我的漫威影史画上一个句号
28,沙力兔,4星,2023/7/5 8:22,加拿大,0,诶忘标记了宇宙中巨大的骷髅形状的飞船还是挺震撼滴小动物们给自己起的名字都好可爱floor因为喜欢躺地板上
28,shawnj,4星,2023/8/27 9:25,天津,0,各有坚持，各有取舍
28,R成02,5星,2023/5/13 21:25,辽宁,3,四星半。格鲁特怎么越建模越胖，第一步精练瘦高多好看，走胖乎乎可爱路线了，有点不顺眼，但依旧是最喜欢的角色。卡魔拉怎么活的？？？接不上！但也算彩蛋了！勇度那段真可以！！复联四要有这小子用费那么大劲？这能力一个个的，全员复联。有些情节不舒服，刻意配乐煽情也需要有点剧情支撑，好几个地方引起了不适。建模太丑！而且惊悚！动物居民难以接受！！美式幽默有点难get，但是我还行！有些梗，真需要看过前面系列。等彩蛋间隙，来个短评！哈哈哈
28,粉色橘子,4星,2023/5/8 15:19,安徽,10,动物们真美好，人类垃圾。
28,伊凡诺夫,5星,2023/5/6 21:32,福建,12,太好看了，片尾的comeandgetyourlove真是让老粉落泪！
28,徐斯,5星,2023/5/19 7:30,广东,26,为板板哭死
28,特蕾莎莎,4星,2023/5/14 10:18,北京,9,感觉音乐没有2里那么好了，最后就记住了结尾那首，中间有些太多太嘈杂了。和我自和解的漫威电影，一群厌恶自己某些部分的loser组成的guardiansofthegalaxy，有些动物虐杀孩童打斗的场面真是滚导的恶趣味，可毛茸茸的小生物又让人爱的要死，一定是爱才能创造出来。
28,影中世界,3星,2023/5/7 19:27,江苏,0,某种意义上来说确实是复联4之后最好的漫威电影，但也仅限于与第四、第五阶段的其他电影比烂，属于可看的程度，剧情与银护前两部没法比，但视觉效果不错，劲歌金曲加分了不少，滚导算是把漫威快败坏的口碑拉回了一点，但这毕竟是个人风格强烈的电影，剧情也相对独立，对漫威后续的计划没什么太大帮助，想要重回之前的巅峰，还是不容易啊
29,贱草,3星,2023/5/10 15:28,美国,3,超级英雄片真是人类毒瘤
29,小牛魔王,5星,2023/5/3 13:25,新疆,34,复联4后的最佳吧，反派人设挺有意思的，火箭成长史也感人，值得二刷。UME双井首映式
29,Granite_花花,4星,2023/5/7 20:46,辽宁,2,拯救漫威口碑还是得看滚导啊~
29,Eurus,5星,2023/5/5 23:30,山东,11,《复联4》后漫威最佳？比《复联4》还好看才对！
29,琼斯黄,4星,2023/5/7 22:49,北京,1,就是那种，非常合适都市人的周末晚场电影。（太久没看3D，前十几分钟难受死了…
29,品客,4星,2023/5/14 19:56,北京,0,本来真的很讨厌漫威近年来的叙事方式，但作为三部曲终章的银护三真的比想象中好看太多了，找回了2014年那个夏天看第一部的感觉。ps看着小动物死掉真的太难受了，残害小动物的人都得死，都得死！
29,七彩云男,3星,2023/5/5 22:08,云南,6,两个彩蛋，一个是星爵之歌，一个是星爵吃饭并告诉大家星爵会回来的。。。比近期的漫威电影好一点，但也就好一点。。。。疲了
29,梵顿Kirin,4星,2023/5/8 23:10,四川,2,没在影院看成《奇异博士2》，看了这部也算是弥补遗憾了。
29,Fine,5星,2023/5/8 6:13,英国,3,放空大脑，沉浸其中，仿佛找回了没学电影前看电影那份最纯粹的快乐。眼泪也不自觉在眼眶中不断滑落，像是在和自己的青春道别。开灯屏亮，有些恍惚，我掰了掰手指，快10年了…一切如同时空穿越般梦幻。想起当年的《银护1》和自己的14岁，我毅然决然地选择了《HookedOnAFeeling》作为我初中音乐课的考试曲目，纯粹且兴奋。而想想如今的自己，已经有多久没有为了纯粹的喜爱而做决定了….
29,SH3056,3星,2023/5/5 14:26,广东,9,5+素鸡的family仅限地球人漫威给他扩容到全宇宙了！
29,祌骘,4星,2023/5/5 23:26,中国香港,5,歌单全踩点上。是可以循环几百遍的程度了。
29,williamadams,3星,2023/5/5 23:52,四川,7,平稳落地，填上了之前的坑，大团圆结局。火箭是主角
29,雪后林中有鹿,4星,2023/6/4 17:19,北京,2,一群奇怪的人组成的杂牌团队，爱与成长的主题贯穿始终，每一个角色都有在被好好对待，喜欢这个系列！
29,VinceTsang,4星,2023/5/3 17:24,日本,4,包括系列拿手的视觉和听觉在内，各个方面都力求溢出。前半段在不刻意煽情和送别的情况下摸到了动物议题的边缘，但很快就被注定要到来的告别挤出了视线之外。声势浩大的曲终人散，为此所有表达都必须靠边站，也算是情理之中。
29,雅 罗 米 尔 。,4星,2023/5/8 0:29,广东,1,四星半，在最终集终于体会到银护系列的精髓——Youdon’tneedtobenormaltobeloved（泪目）.所有人都太酷了，红的黄的绿的紫的蓝的白的黑的～
29,笛咖尔,5星,2023/5/13 22:51,上海,1,1.大boss被手下反杀（未遂）有创意的死法，2.金曲串烧，3.诺亚方舟太空篇，4.特别想去撸浣熊，5.你不爱我，不过这没关系，也许我们在另一个时空深爱彼此。6.人类只能活几十岁？！那还有什么劲儿啊？Exactly�
29,你的益达,4星,2023/5/12 21:11,广东,0,凡所有相，皆是虚妄。
29,嘻嘻呵呵,4星,2023/5/7 16:39,浙江,7,迪士尼还我JamesGunn！MD
29,MovieManic,5星,2023/5/7 18:59,四川,2,失败后的顿悟才是人生的新起点。
29,ClementinE,4星,2023/5/26 14:04,湖北,5,绝对是漫威第四阶段所有摆烂的主题乐园中最cinema的一部——区别的重点也许在于滚导真的爱他的角色、也爱这个系列，不像其他电影工业化下的流水线产物，滚导真的用心了。作为完结篇，没有落下对于每一个角色的塑造——即使部分角色的弧光不是很详细，至少是雨露均沾地打磨了群像。其中我最满意的是对于星爵和卡魔拉的关系的处理，在满足戏剧性转变的同时保证了不落入俗套的结尾，对于这个系列和这段感情来说，都太有韵味了。影像风格上倒是比我期待的收敛了一些，强烈的造型感大概是袭承了《自杀小队》，但总体来说没有太多可圈可点之处，也没有了魔幻而浪漫的滚导式暴力美学。但当影片最后的comeandgetyourlove响起时，这一切小小的瑕疵都烟消云散了，它们都化作了一杯酝酿了多年的醇厚之酒，只敬《银河护卫队》。
30,�⛓Nemik,2星,2023/5/7 16:59,上海,4,幼稚的笑话/感情和暴力不搭；只有男主是人类的样子让我想到那个说男模特本色女模特必须凹造型的贴子；wakemeupwhenactionscenesareover，ohwhen尴尬对白isover
30,A.Mi,5星,2023/5/6 8:53,北京,6,在分别的场合看了这部电影。真好，大家都开始了新生活。
30,南京刘经理,3星,2023/5/7 0:11,江苏,8,md漫威现在的反派都是小丑
30,Connor,4星,2023/5/9 13:27,黑龙江,1,“有笑有泪，年度最佳”复联4后漫威最佳作品名副其实，虽不能说是完美，但作为超英片已经达到优秀水准，让我回到19年前的时候。滚导一如既往地稳定发挥，总是能在商业与自我表达之中找到一个平衡点，一直喜欢他的一些恶趣味。作为银护系列的收官之作，给了影迷一个完美的答案，火箭身世的剧情很容易让人触动，而银护family如此不正经又如此团结一致，星云和groot是本作之中最靠谱的，但其他队员也都有成长的表现。比较失败的塑造就是反派，只会无能狂怒，战力忽高忽低，但这也是爆米花的通病了。影片中段的节奏也稍显杂乱了一点。但动作戏份非常精彩，格鲁特的几次变身，最后的一镜到底打斗都看得激情澎湃。分别是为了更好的重聚，银护小队一直在前行，Iloveuguys！
30,黄花大土块,5星,2023/5/7 14:10,浙江,1,非常好看，没想到松鼠人生那么精彩，groot也会说其他的话了，竟然不是wearefamily，可惜。
30,RUNE,4星,2023/5/7 23:27,福建,2,依旧的love、fun、song！已经开始期待滚导的新十年DC了
30,03Sanders,3星,2023/5/5 21:32,内蒙古,2,古恩可算是知道最后一部了，把恶趣味和合家欢揉一块玩了，割裂程度还能接受。总部那块让人想买设定集，另外喜欢所有小动物！谁不会喜欢原力狗狗！另外漫威能不能别让疯批说话喷口水的人当反派了，蚁人3+这里都蠢出天际，当的话就提点智慧行吗，我现在唯一的期待就是看doom啥时候出来清场。
30,обломов,4星,2023/7/9 12:20,江苏,0,火箭，重生之我当一把手
30,drunkenstain,4星,2023/5/7 22:19,四川,1,1.反地球的dystopia的设定真的很惊艳/吓到我，这一季的世界观和设定甚至比前作更精彩，视觉冲击力也很强很强2.银护真的是MCU里的奇迹，没有漫画粉，有的是笑中带泪和中二少年的莽劲，当rocket打开笼子，见到那个标牌上写着的字时，我爆哭！人生就是这样的，你可以是一只racoon，但做好了觉悟就可以冲破定义。3.dogdaysareover这个歌对应着满是观众的影院让我觉得疫情过去了，真好！
30,瑶瑶,4星,2023/9/11 10:01,辽宁,0,很温馨很感人，保护全物种还是蛮升华了。真的差点以为星爵要死掉，哈哈。“好人团”每个人都有优点，弱小也会成长。3部都维持了非常不错的水准，很棒！
30,火娃,3星,2023/5/21 22:17,福建,4,6/10。当护卫队穿彩色太空服，潜伏进空间似血管细胞、保安服装呈肉色的至高族基因公司，螳螂女给保安施加心灵控制、对周围一顿扫射，激战中被催眠的保安竟然自顾着舞姿，众人冲进反派的飞船对决后，舞蹈化的暴力处理使用慢镜头，令人目不衔接地欣赏到主角完美地避开敌人的扫膛腿并开枪。古恩将炫酷嬉闹的场面、俗套的台词互动单纯地堆砌起来，阻滞了情感的深度，浣熊的反抗则和前作一般陷入老套的父权话语：至高进化将小动物捉进笼子里培养，诺亚方舟般的密舱内满是克隆女孩，他用不正常的演化培育理想的星球居民，稍不合意就炸毁星球，对待浑身金黄色的大祭司和有点蠢的亚当都说一不二，代表了至高无上的父权；被生物实验改造的浣熊之所以走上‘‘弑父’’，是爱情的死亡触动他下狠手抓烂‘‘父亲’’脸皮、剥得只剩筋骨。这样狂妄自大的反派实在无聊。
30,U 兔,3星,2023/7/26 14:36,山东,0,不知道为啥，有点看不下去这些buddy情谊了，就觉得比较浅，看的时候总是会不自觉露出一种“好可爱啊，好吧就这样吧”的围笑。无论是美术还是场景设计，要说想象力方面是努力了的，呈现的也比漫威那些常规操作要好，但就是毫无新意，坏人也依旧是常规的“追求完美世界而变态”，还有这种“协助进化”在俗气的同时让人不舒服，跟种族灭绝是一体两面嘛。还有那个西游记的“反地球”，真的，好无聊。好的坏的都提不起劲来。就不能……纯耍帅咱不上这些主流价值么（我错了，对商业片不该有这样过分的要求）。残害动物真的难受，虽然是表现浣熊的苦难经历，看的过程中却能感觉到会满足一些人对这方面的喜好。有些小梗还是喜欢的，角色也都很可爱。银护和雷神依然是我最喜欢的漫威系列（不过，漫威整个在我的观影体系中都是可有可无）
30,福禄恩特,5星,2023/5/6 1:02,上海,4,鉴定为好的爆米花
30,vivi,3星,2023/10/17 13:28,广东,0,算是难看得来又没有很讨厌吧
30,FeiY,4星,2023/5/7 22:22,北京,1,captainRocketRaccoon，it'syourturnnow!
30,寒狐传媒,4星,2023/7/9 18:13,浙江,0,每个角色都不错。
30,M2,4星,2023/5/3 16:46,北京,0,近期漫威电影最佳。火箭的背景故事感人，多个长镜头动作场面华丽流畅，笑点与泪点分布舒适。缺点是克苏鲁元素过多，部分画面引人不适，反派过于中二变态，行事逻辑不合理，有强行推剧情之嫌。
30,一顿8汉堡,5星,2023/5/18 18:38,江苏,2,我爱火箭浣熊
30,Hi Friday,5星,2023/5/7 17:11,广东,1,还可以，四星电影吧，给五星情怀分了。很美好，看的还挺爽，甚至有的地方落泪了。虽然这反派还是有点大病，和征服者康不相上下。
30,GothamPunk,4星,2023/5/8 7:31,北京,2,存在着漫威当下普遍存在的所有问题。但詹姆斯古恩还是有点东西，很多片段几乎可以说是带有cult片色彩了。在迪士尼一贯的低幼氛围中，有一种“老子明天就辞职”的利落感。
